index,랭킹,상품명,옵션,가격,중량,복수 상품,타입,리뷰,구매건수,찜하기,쇼핑몰,배송비,100g당_가격,배송비포함_가격,100g당_배송비포함_가격
1,1,백십일 무료배송 한우 육회 당일도축 200g,없음,24900,200,0,1,863,1592,818,백십일,0,12450,24900,12450
2,2,삼형제고기 육회고기 220g 우둔살육회 한우육사시미,육회220g,12900,220,1,1,8360,2379,341,삼형제고기,3500,5864,16400,7455
3,2,삼형제고기 육회고기 220g 우둔살육회 한우육사시미,육사시미220g,12900,220,1,2,8360,2379,341,삼형제고기,3500,5864,16400,7455
4,3,한우 암소 투플러스 우둔살 보섭살 육사시미 육회 뭉티기 한우생고기 1++,우둔살(육회)300g,18000,300,1,1,867,1089,418,소문난정육점,3000,6000,21000,7000
5,3,한우 암소 투플러스 우둔살 보섭살 육사시미 육회 뭉티기 한우생고기 1++,우둔살(육회)600g (+18000원),36000,600,1,1,867,1089,418,소문난정육점,3000,6000,39000,6500
6,3,한우 암소 투플러스 우둔살 보섭살 육사시미 육회 뭉티기 한우생고기 1++,우둔살(육사시미)300g,18000,300,1,2,867,1089,418,소문난정육점,3000,6000,21000,7000
7,3,한우 암소 투플러스 우둔살 보섭살 육사시미 육회 뭉티기 한우생고기 1++,우둔살(육사시미)600g (+18000원),36000,600,1,2,867,1089,418,소문난정육점,3000,6000,39000,6500
8,4,현덕축산 국내산 숙성 육회 사시미 300g/500g (냉장),육회300g(소스x),9600,300,1,1,5368,,124,현덕축산,3500,3200,13100,4367
9,4,현덕축산 국내산 숙성 육회 사시미 300g/500g (냉장),"육회500g(참기름소스1개포함/변경X)(+6,900원)",16500,500,1,1,5368,,124,현덕축산,3500,3300,20000,4000
10,4,현덕축산 국내산 숙성 육회 사시미 300g/500g (냉장),"육사시미300g(참기름소스1개포함/변경X)(+5,000원)",14600,300,1,2,5368,,124,현덕축산,3500,4867,18100,6034
11,5,당일도축 대구뭉티기 한우 생고기 육사시미 육회,당일도축 뭉티기,20800,250,1,2,298,623,208,고기에 진심을 담다,4000,8320,24800,9920
12,5,당일도축 대구뭉티기 한우 생고기 육사시미 육회,당일도축 육회,20800,250,1,1,298,623,208,고기에 진심을 담다,4000,8320,24800,9920
13,6,당일도축 대구뭉티기 한우육회 소고기 육회 생고기 육사시미 250g,육사시미 250g,21800,250,2,2,7711,4267,1515,솔직한농부,4000,8720,25800,10320
14,6,당일도축 대구뭉티기 한우육회 소고기 육회 생고기 육사시미 250g,육사시미 600g,45000,600,2,2,7711,4267,1515,솔직한농부,4000,7500,49000,8167
15,6,당일도축 대구뭉티기 한우육회 소고기 육회 생고기 육사시미 250g,육사시미 250g & 보리소육회300g,38000,550,2,3,7711,4267,1515,솔직한농부,4000,6910,42000,7637
16,6,당일도축 대구뭉티기 한우육회 소고기 육회 생고기 육사시미 250g,보리소육회300g,15200,300,2,1,7711,4267,1515,솔직한농부,4000,5067,19200,6400
17,6,당일도축 대구뭉티기 한우육회 소고기 육회 생고기 육사시미 250g,한가득 실속세트 850g (구이+육사시미),56300,850,2,4,7711,4267,1515,솔직한농부,4000,6624,60300,7095
18,7,당일도축분 대구뭉티기 한우육사시미300g 생고기 육회 양념장제공,육사시미300g,20400,300,1,2,967,806,321,동인축산,4000,6800,24400,8134
19,7,당일도축분 대구뭉티기 한우육사시미300g 생고기 육회 양념장제공,육사시미600g (+18100원),38500,600,1,2,967,806,321,동인축산,4000,6417,42500,7084
20,7,당일도축분 대구뭉티기 한우육사시미300g 생고기 육회 양념장제공,한우육회300g (-2400원),18000,300,1,1,967,806,321,동인축산,4000,6000,22000,7334
21,7,당일도축분 대구뭉티기 한우육사시미300g 생고기 육회 양념장제공,육사시미300g+육회300g (+11600원),32000,600,1,3,967,806,321,동인축산,4000,5334,36000,6000
22,8,한우 1등급 18종 꽃등심 새우살 살치살 육회 갈비살 등심 안심 채끝 차돌박이 국거리,1등급 한우 꾸리살 육회 300g,19800,300,2,1,2122,1675,344,건화한우다,3500,6600,23300,7767
23,9,소고기 한우 등심 안심 채끝 국거리 불고기 육회 부채살 업진살 치마살 차돌박이 10종,육회200g (+3900원),13800,300,2,1,457,507,949,한우맘,3000,4600,16800,5600
24,10,도매/식당/업소용 마장동에서 오늘 썰은 육회/육사시미 2kg [국내산 소고기 냉장],[썰어서] 육회2kg (1kg씩 개별포장),59800,2000,1,1,443,999,224,소소한형제,0,2990,59800,2990
25,11,[성강한우] 육회 밀키트 1등급 한우육회 250g+비법소스40g세트 (오리지널/매콤),1등급 한우육회250g+오리지널비법소스40g,15900,250,0,1,273,,73,성강한우,4000,6360,19900,7960
26,12,한우 대구뭉티기 육사시미 소고기 육회 생고기 300g,[가성비 1인 술안주용] 뭉티기 200g (-4000원),17900,200,1,2,2852,2470,1114,아이러브농수산,4000,8950,21900,10950
27,12,한우 대구뭉티기 육사시미 소고기 육회 생고기 300g,[가성비 1인 술안주용] 육회 200g (-4000원),17900,200,1,1,2852,2470,1114,아이러브농수산,4000,8950,21900,10950
28,12,한우 대구뭉티기 육사시미 소고기 육회 생고기 300g,[1인용] 뭉티기 300g,21900,300,1,2,2852,2470,1114,아이러브농수산,4000,7300,25900,8634
29,12,한우 대구뭉티기 육사시미 소고기 육회 생고기 300g,[1인용] 육회 300g,21900,300,1,1,2852,2470,1114,아이러브농수산,4000,7300,25900,8634
30,13,[육회도매]국내산 냉장 육회 1kg 업소용 식당용 육회택배,육회1kg(소분불가),28900,1000,0,1,60,198,46,소잡는 구선생,3000,2890,31900,3190
31,14,당일도축 대구뭉티기 육사시미 한우 육회 생고기 뭉텅이 뭉태기,당일도축 육회200g,11900,200,1,1,27,54,27,전라도청년,3000,5950,14900,7450
32,14,당일도축 대구뭉티기 육사시미 한우 육회 생고기 뭉텅이 뭉태기,당일도축 육회400g (+10000원),21900,400,1,1,27,54,27,전라도청년,3000,5475,24900,6225
33,14,당일도축 대구뭉티기 육사시미 한우 육회 생고기 뭉텅이 뭉태기,당일도축 육회600g (+20000원),31900,600,1,1,27,54,27,전라도청년,3000,5317,34900,5817
34,14,당일도축 대구뭉티기 육사시미 한우 육회 생고기 뭉텅이 뭉태기,당일도축 육사시미(뭉티기)200g (+1000원),12900,200,1,2,27,54,27,전라도청년,3000,6450,15900,7950
35,14,당일도축 대구뭉티기 육사시미 한우 육회 생고기 뭉텅이 뭉태기,당일도축 육사시미(뭉티기)400g (+11000원),22900,400,1,2,27,54,27,전라도청년,3000,5725,25900,6475
36,14,당일도축 대구뭉티기 육사시미 한우 육회 생고기 뭉텅이 뭉태기,당일도축 육사시미(뭉티기)600g (+23000원),34900,600,1,2,27,54,27,전라도청년,3000,5817,37900,6317
37,15,당일도축 대구뭉티기 육사시미 한우육회 소고기 육회 생고기 250g 600g,육사시미250g+전용 양념장 (+7000원),23900,250,1,2,238,568,303,시장마트,4000,9560,27900,11160
38,15,당일도축 대구뭉티기 육사시미 한우육회 소고기 육회 생고기 250g 600g,육사시미600g+전용 양념장 (+25100원),42000,600,1,2,238,568,303,시장마트,4000,7000,46000,7667
39,15,당일도축 대구뭉티기 육사시미 한우육회 소고기 육회 생고기 250g 600g,육회300g+전용 양념장2개,16900,300,1,1,238,568,303,시장마트,4000,5634,20900,6967
40,15,당일도축 대구뭉티기 육사시미 한우육회 소고기 육회 생고기 250g 600g,육회600g+전용 양념장2개 (+14000원),30900,600,1,1,238,568,303,시장마트,4000,5150,34900,5817
41,15,당일도축 대구뭉티기 육사시미 한우육회 소고기 육회 생고기 250g 600g,육사시미250g+육회300g+전용 양념장3개 (+19100원),36000,300,1,3,238,568,303,시장마트,4000,12000,40000,13334
42,16,한우 1등급 등심 채끝 부채살 안심 갈비살 불고기 국거리 차돌박이 사태 양지 불고기 반값,한우 1등급 육회(꾸리살)250g(-7000원),12900,250,2,1,27,94,21,주식회사 금호축산,4000,5160,16900,6760
43,16,한우 1등급 등심 채끝 부채살 안심 갈비살 불고기 국거리 차돌박이 사태 양지 불고기 반값,한우 2등급 육회(꾸리살)250g(-9000원),10900,250,2,1,27,94,21,주식회사 금호축산,4000,4360,14900,5960
44,17,당일도축 한우 암소 대구뭉티기 생고기 우둔살 육사시미 육회 물회 캠핑고기,한우대구뭉티기,14800,200,2,2,529,723,334,그립소,3500,7400,18300,9150
45,17,당일도축 한우 암소 대구뭉티기 생고기 우둔살 육사시미 육회 물회 캠핑고기,한우대구뭉티기,21600,300,2,2,529,723,334,그립소,3500,7200,25100,8367
46,17,당일도축 한우 암소 대구뭉티기 생고기 우둔살 육사시미 육회 물회 캠핑고기,한우대구뭉티기,28000,400,2,2,529,723,334,그립소,3500,7000,31500,7875
47,17,당일도축 한우 암소 대구뭉티기 생고기 우둔살 육사시미 육회 물회 캠핑고기,한우대구뭉티기,34000,500,2,2,529,723,334,그립소,3500,6800,37500,7500
48,17,당일도축 한우 암소 대구뭉티기 생고기 우둔살 육사시미 육회 물회 캠핑고기,한우대구뭉티기,39600,600,2,2,529,723,334,그립소,3500,6600,43100,7184
49,17,당일도축 한우 암소 대구뭉티기 생고기 우둔살 육사시미 육회 물회 캠핑고기,한우육회,14800,200,2,1,529,723,334,그립소,3500,7400,18300,9150
50,17,당일도축 한우 암소 대구뭉티기 생고기 우둔살 육사시미 육회 물회 캠핑고기,한우육회,21600,300,2,1,529,723,334,그립소,3500,7200,25100,8367
51,17,당일도축 한우 암소 대구뭉티기 생고기 우둔살 육사시미 육회 물회 캠핑고기,한우육회,28000,400,2,1,529,723,334,그립소,3500,7000,31500,7875
52,17,당일도축 한우 암소 대구뭉티기 생고기 우둔살 육사시미 육회 물회 캠핑고기,한우육회,34000,500,2,1,529,723,334,그립소,3500,6800,37500,7500
53,17,당일도축 한우 암소 대구뭉티기 생고기 우둔살 육사시미 육회 물회 캠핑고기,한우육회,39600,600,2,1,529,723,334,그립소,3500,6600,43100,7184
54,17,당일도축 한우 암소 대구뭉티기 생고기 우둔살 육사시미 육회 물회 캠핑고기,한우뭉티기+육회,24000,300,2,3,529,723,334,그립소,3500,8000,27500,9167
55,18,[당일도축] 대구뭉티기 육사시미 한우육회 뭉텅이,1. 뭉티기 200g,14900,200,1,2,153,292,299,성수동클래식,3500,7450,18400,9200
56,18,[당일도축] 대구뭉티기 육사시미 한우육회 뭉텅이,2. 뭉티기 400g (+11000원),25900,400,1,2,153,292,299,성수동클래식,3500,6475,29400,7350
57,18,[당일도축] 대구뭉티기 육사시미 한우육회 뭉텅이,3. 뭉티기 600g (+22700원),37600,600,1,2,153,292,299,성수동클래식,3500,6267,41100,6850
58,18,[당일도축] 대구뭉티기 육사시미 한우육회 뭉텅이,4. 육회 200g (-1000원),13900,200,1,1,153,292,299,성수동클래식,3500,6950,17400,8700
59,18,[당일도축] 대구뭉티기 육사시미 한우육회 뭉텅이,5. 육회 400g (+9400원),24300,400,1,1,153,292,299,성수동클래식,3500,6075,27800,6950
60,18,[당일도축] 대구뭉티기 육사시미 한우육회 뭉텅이,6. 육회 600g (+20000원),34900,600,1,1,153,292,299,성수동클래식,3500,5817,38400,6400
61,18,[당일도축] 대구뭉티기 육사시미 한우육회 뭉텅이,7. 뭉티기200g+육회200g (1-2인분) (+13100원),28000,400,1,3,153,292,299,성수동클래식,3500,7000,31500,7875
62,18,[당일도축] 대구뭉티기 육사시미 한우육회 뭉텅이,8. 뭉티기400g+육회400g (3-4인분) (+34100원),49000,800,1,3,153,292,299,성수동클래식,3500,6125,52500,6563
63,18,[당일도축] 대구뭉티기 육사시미 한우육회 뭉텅이,9. 뭉티기600g+육회600g (5-6인분) (+55000원),69900,1200,1,3,153,292,299,성수동클래식,3500,5825,73400,6117
64,19,[소잡는구선생]국내산 당일작업 냉장 육회/육사시미 300g 뭉티기 육회물회,식감쫄깃 육회,9700,300,1,1,7757,5869,645,소잡는 구선생,3000,3234,12700,4234
65,19,[소잡는구선생]국내산 당일작업 냉장 육회/육사시미 300g 뭉티기 육회물회,식감쫄깃 육회,16100,500,1,1,7757,5869,645,소잡는 구선생,3000,3221,19100,3821
66,19,[소잡는구선생]국내산 당일작업 냉장 육회/육사시미 300g 뭉티기 육회물회,[프리미엄] 채끝 육회,11900,300,1,1,7757,5869,645,소잡는 구선생,3000,3967,14900,4967
67,19,[소잡는구선생]국내산 당일작업 냉장 육회/육사시미 300g 뭉티기 육회물회,식감쫄깃 육사시미,10500,300,1,2,7757,5869,645,소잡는 구선생,3000,3500,13500,4500
68,19,[소잡는구선생]국내산 당일작업 냉장 육회/육사시미 300g 뭉티기 육회물회,식감쫄깃 육사시미,17500,500,1,2,7757,5869,645,소잡는 구선생,3000,3500,20500,4100
69,19,[소잡는구선생]국내산 당일작업 냉장 육회/육사시미 300g 뭉티기 육회물회,[프리미엄] 채끝 육사시미,12500,300,1,2,7757,5869,645,소잡는 구선생,3000,4167,15500,5167
70,20,"대구 뭉티기, 당일 도축 한우 육사시미 육회 최고선도 250g / 600g",육사시미 250g (-20000원),21000,250,1,2,32,8,1,식탁의정석,4000,8400,25000,10000
71,20,"대구 뭉티기, 당일 도축 한우 육사시미 육회 최고선도 250g / 600g",육사시미 600g,41000,600,1,2,32,8,1,식탁의정석,4000,6834,45000,7500
72,21,[소근소근 육회]국내산 냉장 소고기 육회 300g + 육회소스2개,없음,10900,300,0,1,44,,21,맛있는 이야기 소근소근,3300,3634,14200,4734
73,22,미트럽 한우 암소 생고기 육회세트 1+1 (200g 2개+소스40g 2개) 캠핑용 소고기,육회200g 2개+고추장소스2개,24900,400,0,1,55,,37,미트럽,3500,6225,28400,7100
74,23,당일도축 한우 육회 뭉티기 육사시미 양념장 무료제공 대구 명물 오드레기,한우 생고기(뭉티기) 120g-양념장포함,15900,120,1,2,1701,870,558,백년밥상,3500,13250,19400,16167
75,23,당일도축 한우 육회 뭉티기 육사시미 양념장 무료제공 대구 명물 오드레기,한우 생고기(뭉티기) 240g-양념장포함 (+13900원),29800,240,1,2,1701,870,558,백년밥상,3500,12417,33300,13875
76,23,당일도축 한우 육회 뭉티기 육사시미 양념장 무료제공 대구 명물 오드레기,한우 육회 120g-양념장포함,15900,120,1,1,1701,870,558,백년밥상,3500,13250,19400,16167
77,23,당일도축 한우 육회 뭉티기 육사시미 양념장 무료제공 대구 명물 오드레기,한우 육회 240g-양념장포함 (+13900원),29800,240,1,1,1701,870,558,백년밥상,3500,12417,33300,13875
78,26,당일도축 한우육회 한우 대구뭉티기 당일손질 육사시미 생고기 우둔살 양념장서비스,당일도축 한우육회 120g+소스 / 1인분,9900,120,1,1,1460,1708,493,신선테이블,3500,8250,13400,11167
79,26,당일도축 한우육회 한우 대구뭉티기 당일손질 육사시미 생고기 우둔살 양념장서비스,당일도축 한우육회 240g+소스 / 2인분 (+8100원),18000,240,1,1,1460,1708,493,신선테이블,3500,7500,21500,8959
80,26,당일도축 한우육회 한우 대구뭉티기 당일손질 육사시미 생고기 우둔살 양념장서비스,당일도축 한우뭉티기 120g+소스 / 1인분 (+1000원),10900,120,1,2,1460,1708,493,신선테이블,3500,9084,14400,12000
81,26,당일도축 한우육회 한우 대구뭉티기 당일손질 육사시미 생고기 우둔살 양념장서비스,당일도축 한우뭉티기 240g+소스 / 2인분 (+10000원),19900,240,1,2,1460,1708,493,신선테이블,3500,8292,23400,9750
82,27,육회 300g 도시락육회 직접제조마법가루소스 한우투뿔육회,육회도시락형300g,19500,300,0,1,15,,16,단군마켓.,4000,6500,23500,7834
83,27,육회 300g 도시락육회 직접제조마법가루소스 한우투뿔육회,육회도시락형400g (+6500원),26000,400,0,1,15,,16,단군마켓.,4000,6500,30000,7500
84,29,한우 암소 투플러스 설깃살 설도살 300g 600g 1++,설깃머릿살(육사시미)300g (+4500원),22500,300,2,2,215,136,185,소문난정육점,3000,7500,25500,8500
85,29,한우 암소 투플러스 설깃살 설도살 300g 600g 1++,설깃살(육회)600g (+18000원),36000,600,2,1,215,136,185,소문난정육점,3000,6000,39000,6500
86,29,한우 암소 투플러스 설깃살 설도살 300g 600g 1++,설깃살(육사시미)600g (+18000원),36000,600,2,2,215,136,185,소문난정육점,3000,6000,39000,6500
87,30,당일도축 대구뭉티기 한우 생고기 육사시미 육회 250g,뭉티기 250g + 대구식 특제 양념장,20800,250,1,2,4084,1415,573,관문시장 김수현,4000,8320,24800,9920
88,30,당일도축 대구뭉티기 한우 생고기 육사시미 육회 250g,육회 250g + 육회소스,20800,250,1,1,4084,1415,573,관문시장 김수현,4000,8320,24800,9920
89,30,당일도축 대구뭉티기 한우 생고기 육사시미 육회 250g,뭉티기 300g + 대구식 특제 양념장,22800,300,1,2,4084,1415,573,관문시장 김수현,4000,7600,26800,8934
90,30,당일도축 대구뭉티기 한우 생고기 육사시미 육회 250g,육회 300g + 육회소스,22800,300,1,1,4084,1415,573,관문시장 김수현,4000,7600,26800,8934
91,31,당일도축 한우 우둔살 육사시미 뭉티기 육회 250g 600g,당일도축 한우 육사시미 250g + 양념장,19900,250,1,2,1474,905,126,바다베개,4000,7960,23900,9560
92,31,당일도축 한우 우둔살 육사시미 뭉티기 육회 250g 600g,당일도축 한우 육사시미 600g +양념장,39900,600,1,2,1474,905,126,바다베개,4000,6650,43900,7317
93,31,당일도축 한우 우둔살 육사시미 뭉티기 육회 250g 600g,당일도축 한우 육사시미 300g +양념장,22800,300,1,2,1474,905,126,바다베개,4000,7600,26800,8934
94,31,당일도축 한우 우둔살 육사시미 뭉티기 육회 250g 600g,우둔살 정통육회 300g(육우 1등급),14000,300,1,1,1474,905,126,바다베개,4000,4667,18000,6000
95,32,++1등급한우 투뿔 투쁠 육회 육사시미 (+육회소스) 소고기 홍두깨,1++한우 육회 200g,17800,200,1,1,1161,280,142,엄마네한우,2500,8900,20300,10150
96,32,++1등급한우 투뿔 투쁠 육회 육사시미 (+육회소스) 소고기 홍두깨,1++한우 육사시미 200g (+3000원),20800,200,1,2,1161,280,142,엄마네한우,2500,10400,23300,11650
97,32,++1등급한우 투뿔 투쁠 육회 육사시미 (+육회소스) 소고기 홍두깨,1++한우 육회+육사시미set 300g (+10400원),28200,300,1,3,1161,280,142,엄마네한우,2500,9400,30700,10234
98,33,국내1% 투뿔나인 꽃살 안심 살치살 채끝살 꽃등심 갈비살 차돌박이 육회 양지 사태 불고기,15. 육회(300g) (-9000원),27900,300,2,1,445,271,272,질기지않소,3500,9300,31400,10467
99,33,국내1% 투뿔나인 꽃살 안심 살치살 채끝살 꽃등심 갈비살 차돌박이 육회 양지 사태 불고기,16. 육사시미(300g) (-8000원),28900,300,2,2,445,271,272,질기지않소,3500,9634,32400,10800
100,35,목 금요일 소잡는날 한우암소 육회 육사시미,육사시미용(덩어리) 150g-08월13일도착,15900,150,1,2,740,113,83,백년밥상,3500,10600,19400,12934
101,35,목 금요일 소잡는날 한우암소 육회 육사시미,육회용(썰어서) 150g-08월13일도착,15900,150,1,1,740,113,83,백년밥상,3500,10600,19400,12934
102,36,한우 암소 육회 육사시미 육전용 생고기 300g 우둔살 홍두깨살 [산소포장],한우암소 육회300g[육회용],19500,300,2,1,484,330,27,조한우싱싱몰,3500,6500,23000,7667
103,36,한우 암소 육회 육사시미 육전용 생고기 300g 우둔살 홍두깨살 [산소포장],한우암소 육회300g[육사시미],19500,300,2,2,484,330,27,조한우싱싱몰,3500,6500,23000,7667
104,37,당일도축 대구 원조 뭉티기 육사시미 한우 육회 생고기 120g 240g,뭉티기 120g + 양념장+참기름 (1개),13900,120,1,2,593,1799,687,돌쇠네 농산물,0,11584,13900,11584
105,37,당일도축 대구 원조 뭉티기 육사시미 한우 육회 생고기 120g 240g,뭉티기 240g + 양념장+참기름 (2개) (+11000원),24900,240,1,2,593,1799,687,돌쇠네 농산물,0,10375,24900,10375
106,37,당일도축 대구 원조 뭉티기 육사시미 한우 육회 생고기 120g 240g,한우 육회 150g + 양념장(1),12900,150,1,1,593,1799,687,돌쇠네 농산물,0,8600,12900,8600
107,37,당일도축 대구 원조 뭉티기 육사시미 한우 육회 생고기 120g 240g,한우 육회 300g + 양념장(2),22900,300,1,1,593,1799,687,돌쇠네 농산물,0,7634,22900,7634
108,38,초신선 당일도축 대구뭉티기 한우육회 소고기 육사시미 생고기 육회 250g 600g,육사시미250g(1-2인 추천),25000,250,1,2,110,71,104,남도의식탁,4000,10000,29000,11600
109,38,초신선 당일도축 대구뭉티기 한우육회 소고기 육사시미 생고기 육회 250g 600g,육사시미600g(2-4인추천),25000,600,1,2,110,71,104,남도의식탁,4000,4167,29000,4834
110,38,초신선 당일도축 대구뭉티기 한우육회 소고기 육사시미 생고기 육회 250g 600g,세트1번 한우육사시미300g+육회300g,25000,600,1,3,110,71,104,남도의식탁,4000,4167,29000,4834
111,39,당일도축 한우 육회 육사시미 대구뭉티기 뭉텅이 고기 택배,1등급 한우육회,12900,120,1,1,10,43,21,팔도명인,3500,10750,16400,13667
112,39,당일도축 한우 육회 육사시미 대구뭉티기 뭉텅이 고기 택배,1등급 한우뭉티기,12900,120,1,2,10,43,21,팔도명인,3500,10750,16400,13667
113,40,국내1% 투뿔나인 육회 육사시미 생고기 대구 뭉티기 우둔살 보섭살 설깃살 꾸리살 소고기,1.한우1++9등급 육회(300g),27900,300,1,1,203,85,117,질기지않소,3500,9300,31400,10467
114,40,국내1% 투뿔나인 육회 육사시미 생고기 대구 뭉티기 우둔살 보섭살 설깃살 꾸리살 소고기,2.한우1++9등급 육사시미(300g) (+1000원),28900,300,1,2,203,85,117,질기지않소,3500,9634,32400,10800
115,42,미트럽 한우 소고기 생고기 우둔 설도 설깃(육회 200g+소스40g) 캠핑 홈파티 안주,육회200g 1개+고추장소스 1개,14100,200,0,1,96,,64,미트럽,3500,7050,17600,8800
116,43,한우 육회 육사시미 생고기 뭉티기 당일도축,육사시미 300g,22900,300,1,2,874,443,336,땡큐파머스,3000,7634,25900,8634
117,43,한우 육회 육사시미 생고기 뭉티기 당일도축,육회 300g,22900,300,1,1,874,443,336,땡큐파머스,3000,7634,25900,8634
118,44,[양념장서비스] 대구 찰딱뭉티기 당일도축 한우 생고기 육사시미 육회,[뭉티기양념장 증정] 한우 뭉티기 150g,14500,150,1,2,334,101,77,테이스티포유,4000,9667,18500,12334
119,44,[양념장서비스] 대구 찰딱뭉티기 당일도축 한우 생고기 육사시미 육회,[육회양념장 증정] 한우 육회 150g,14500,150,1,1,334,101,77,테이스티포유,4000,9667,18500,12334
120,45,다함정육 국내산 한우 육회 200g 물육회 육회초밥,한우육회200g,12900,200,0,1,46,,102,다함정육,3500,6450,16400,8200
121,46,한우 등심 안심 채끝 갈비살 차돌박이 양지 국거리 육회 육사시미 불고기 장조림 소고기,⑪ 육회200g,28900,200,2,1,866,99,30,조은장터 정읍산외한우마을,0,14450,28900,14450
122,46,한우 등심 안심 채끝 갈비살 차돌박이 양지 국거리 육회 육사시미 불고기 장조림 소고기,⑫ 육사시미200g,28900,200,2,2,866,99,30,조은장터 정읍산외한우마을,0,14450,28900,14450
123,47,당일도축 한우 뭉티기 육사시미 육회 소고기 생고기 대구뭉티기,한우 육사시미 300g,23900,300,1,2,26,13,18,농부의 바구니,3000,7967,26900,8967
124,47,당일도축 한우 뭉티기 육사시미 육회 소고기 생고기 대구뭉티기,한우 육회 300g,23900,300,1,1,26,13,18,농부의 바구니,3000,7967,26900,8967
125,47,당일도축 한우 뭉티기 육사시미 육회 소고기 생고기 대구뭉티기,육사시미300g + 육회300g (+17000원),40900,600,1,3,26,13,18,농부의 바구니,3000,6817,43900,7317
126,51,한우육회 무침 600G 등급무관,없음,35000,600,0,1,252,17,3,표고한우,4000,5834,39000,6500
127,54,당일도축 대구뭉티기 한우육회 육사시미 생고기 소고기 육회,대구 원조 숙성 뭉티기 200G (양념포함),17500,200,1,2,115,273,79,새벽장터,3000,8750,20500,10250
128,54,당일도축 대구뭉티기 한우육회 육사시미 생고기 소고기 육회,대구 원조 숙성 뭉티기 300G (양념포함),19500,300,1,2,115,273,79,새벽장터,3000,6500,22500,7500
129,54,당일도축 대구뭉티기 한우육회 육사시미 생고기 소고기 육회,대구 원조 숙성 뭉티기 600G (양념포함),38500,600,1,2,115,273,79,새벽장터,3000,6417,41500,6917
130,54,당일도축 대구뭉티기 한우육회 육사시미 생고기 소고기 육회,육회 300g (특제 양념포함),19500,300,1,1,115,273,79,새벽장터,3000,6500,22500,7500
131,54,당일도축 대구뭉티기 한우육회 육사시미 생고기 소고기 육회,육회 600g (특제 양념포함),38500,600,1,1,115,273,79,새벽장터,3000,6417,41500,6917
132,55,한우 암소 육회 육사시미 400g 덩어리,육회용 덩어리,20000,400,1,1,47,20,12,원데이축산,3500,5000,23500,5875
133,55,한우 암소 육회 육사시미 400g 덩어리,육사시미용 덩어리,20000,400,1,2,47,20,12,원데이축산,3500,5000,23500,5875
134,56,파파스컷 바로 썬 한우육회 육사시미 육회용 소고기 250g,썰은 육회,19800,250,0,1,117,184,25,파파스컷,4000,7920,23800,9520
135,57,[Live]2등급 육회 200g + 소스증정,없음,19200,200,0,1,99,,66,e경남MALL,0,9600,19200,9600
136,60,당일도축 대구뭉티기 암소 한우 육회 한우케이크 육사시미 고기 생고기 택배 250g,당일도축 뭉티기 250g,17500,250,1,2,4,,13,HD한우돈마루,4000,7000,21500,8600
137,60,당일도축 대구뭉티기 암소 한우 육회 한우케이크 육사시미 고기 생고기 택배 250g,당일작업 육회 300g (+2000원),19500,300,1,1,4,,13,HD한우돈마루,4000,6500,23500,7834
138,64,(주)성진한우 대구 생고기 뭉티기 뭉텅이 육사시미 우둔살 육회 고기 육회용고기 오드레기,육회(200g/소스증정) (-1000원),11960,200,2,1,82,60,21,성진한우.성진고기마트,3500,5980,15460,7730
139,64,(주)성진한우 대구 생고기 뭉티기 뭉텅이 육사시미 우둔살 육회 고기 육회용고기 오드레기,육사시미(덩어리 200g/소스증정),12960,200,2,2,82,60,21,성진한우.성진고기마트,3500,6480,16460,8230
140,64,(주)성진한우 대구 생고기 뭉티기 뭉텅이 육사시미 우둔살 육회 고기 육회용고기 오드레기,육회+육사시미(200g+200g/소스증정) (+10960원),23920,400,2,3,82,60,21,성진한우.성진고기마트,3500,5980,27420,6855
141,67,새벽도축 초신선 대구 뭉티기 한우 육사시미 육회 뭉텅이,한우 뭉티기 200g,11900,200,1,2,1,2,3,다공샵,3500,5950,15400,7700
142,67,새벽도축 초신선 대구 뭉티기 한우 육사시미 육회 뭉텅이,한우 뭉티기 400g (+11000원),22900,400,1,2,1,2,3,다공샵,3500,5725,26400,6600
143,67,새벽도축 초신선 대구 뭉티기 한우 육사시미 육회 뭉텅이,한우 뭉티기 600g (+22700원),34600,600,1,2,1,2,3,다공샵,3500,5767,38100,6350
144,67,새벽도축 초신선 대구 뭉티기 한우 육사시미 육회 뭉텅이,한우 육회 200g (-1000원),10900,200,1,1,1,2,3,다공샵,3500,5450,14400,7200
145,67,새벽도축 초신선 대구 뭉티기 한우 육사시미 육회 뭉텅이,한우 육회 400g (+9400원),21300,400,1,1,1,2,3,다공샵,3500,5325,24800,6200
146,67,새벽도축 초신선 대구 뭉티기 한우 육사시미 육회 뭉텅이,한우 육회 600g (+20000원),31900,600,1,1,1,2,3,다공샵,3500,5317,35400,5900
147,67,새벽도축 초신선 대구 뭉티기 한우 육사시미 육회 뭉텅이,뭉티기 200g+육회 200g (1-2인분) (+13100원),25000,400,1,3,1,2,3,다공샵,3500,6250,28500,7125
148,67,새벽도축 초신선 대구 뭉티기 한우 육사시미 육회 뭉텅이,뭉티기 400g+육회 400g (3-4인분) (+34100원),46000,800,1,3,1,2,3,다공샵,3500,5750,49500,6188
149,67,새벽도축 초신선 대구 뭉티기 한우 육사시미 육회 뭉텅이,뭉티기 600g+육회 600g (5-6인분) (+55000원),66900,1200,1,3,1,2,3,다공샵,3500,5575,70400,5867
150,68,뭉티기 육사시미 한우 대구 뭉태기 250g 600g 육회고기 육회용 거세소 장흥 마장동,한우 육사시미 250g,19900,250,1,2,77,63,38,싼재네마켓,4000,7960,23900,9560
151,68,뭉티기 육사시미 한우 대구 뭉태기 250g 600g 육회고기 육회용 거세소 장흥 마장동,한우 육사시미 600g,40900,600,1,2,77,63,38,싼재네마켓,4000,6817,44900,7484
152,68,뭉티기 육사시미 한우 대구 뭉태기 250g 600g 육회고기 육회용 거세소 장흥 마장동,보리소 육회 300g,14900,300,1,1,77,63,38,싼재네마켓,4000,4967,18900,6300
153,68,뭉티기 육사시미 한우 대구 뭉태기 250g 600g 육회고기 육회용 거세소 장흥 마장동,한우 육사시미 250g+보리소 육회 300g,33900,550,1,3,77,63,38,싼재네마켓,4000,6164,37900,6891
154,69,한우 암소 육회 육사시미 육전용 생고기 300g 우둔살 홍두깨살 [산지직송],한우암소 육회300g[육회용],19500,300,1,1,484,330,91,세종시 조상구,3500,6500,23000,7667
155,69,한우 암소 육회 육사시미 육전용 생고기 300g 우둔살 홍두깨살 [산지직송],한우암소 육회300g[육사시미],19500,300,1,2,484,330,91,세종시 조상구,3500,6500,23000,7667
156,70,대구 뭉티기 생고기 육사시미 당일도축 한우육회 소고기육회 한우우둔살 150g 300g,한우뭉티기(육사시미)150g+수제양념장+참기름,14980,150,1,2,268,39,14,스위트쿡,4000,9987,18980,12654
157,70,대구 뭉티기 생고기 육사시미 당일도축 한우육회 소고기육회 한우우둔살 150g 300g,한우육회150g+수제양념장,14980,150,1,1,268,39,14,스위트쿡,4000,9987,18980,12654
158,70,대구 뭉티기 생고기 육사시미 당일도축 한우육회 소고기육회 한우우둔살 150g 300g,한우뭉티기(육사시미)300g+수제양념장+참기름 (+12000원),26980,300,1,2,268,39,14,스위트쿡,4000,8994,30980,10327
159,70,대구 뭉티기 생고기 육사시미 당일도축 한우육회 소고기육회 한우우둔살 150g 300g,한우육회300g+수제양념장 (+12000원),26980,300,1,1,268,39,14,스위트쿡,4000,8994,30980,10327
160,72,1+＋한우 육회 육사시미 300g 생고기 비법소스 무료,육사시미 (+1000원),20900,300,1,2,50,39,12,양주골한우,3500,6967,24400,8134
161,72,1+＋한우 육회 육사시미 300g 생고기 비법소스 무료,육회,19900,300,1,1,50,39,12,양주골한우,3500,6634,23400,7800
162,73,[마장동 온우]1++ 투뿔 마장동 한우 육회,300g,20900,300,0,1,46,43,6,온우,3000,6967,23900,7967
163,73,[마장동 온우]1++ 투뿔 마장동 한우 육회,500g (+10000원),30900,500,0,1,46,43,6,온우,3000,6180,33900,6780
164,78,마담이네프리미엄 한우암소 1++ 육회(300g),없음,18000,300,0,1,293,136,20,마담이네,4000,6000,22000,7334
