,랭킹,상품명,가격,리뷰,구매건수,찜하기,스마트스토어,쇼핑몰,배송비,용도,부위,중량,등급,링크
0,1,백십일 무료배송 한우 육회 당일도축 200g,24900,860,1590,814,1,백십일,0,육회용,우둔,200g,,https://cr.shopping.naver.com/adcr.nhn?x=xQU6iZ5HCp8qgHIyL9lYwf%2F%2F%2Fw%3D%3DswFV%2B6HJufUip%2FlrcMf4sxv8gbi%2FO%2B%2FjocyX2cp%2BaMnLPtFBblJ6VYEOPxKz5bEjU2Djevc7QQZ3gD485zdf9ssi30QtKP1mA7BYZPpxeJLceHZ5T6o%2FKOxB%2BF2EdwDbS7zqDWY4a0rSiKMPozmlHnybR3rdxkXI61xri2pFnAYa6LNub1UGEGOMAc6p%2FaiylhNAWEw0JCsb7LJXBJqKWV9015zgK%2BP5r4ZCysDfiDpXWXucw%2BBxL206cTdar0VV%2BU0SchbgTq4rhtYkDHEhje6sJF1TG8DXvuOXRWh2aiSE1QmeK3ZPITzKHcbEnR%2BI87rOx4wTioB4vrQRgR2gj1mx%2FNIctlJaVG47h%2F8DU3%2FhXfqiCwBtPYYwEdSt6i2JAkj5ynWZfU%2FUQdTnvKVwxhntDzl1VOrZsuGJORaP%2FeBIYHjSwR0BGggQ0cPR4XwMadms9jYiTlIyU%2B3%2Fed3H4NDenRGShnAKV85Xz%2FuAy3kB3ozQA28yboghp7CrGJWotxcJtxkuD9SXAtNAVLlJDQCCWJuKbJt1INrVe%2F0MRDCOQCU4rA9qEITJh30T6VqaOgIi4q4iJ10IPjBzH6Hjlyk30jucO2VCHq8sQlx3R3oOPxBPXmJ942QZIr35hqXhMHRyPBWbUFRhWScTsgQynPg%3D%3D&nvMid=83681041978&catId=50004654
1,2,삼형제고기 육회고기 220g 우둔살육회 한우육사시미,12900,8337,2377,333,1,삼형제고기,3500,육회용,우둔,220g,,https://cr.shopping.naver.com/adcr.nhn?x=KvE%2FRX0Cbsy%2BlAZs25wMLP%2F%2F%2Fw%3D%3Ds7c5iKskWn%2FNx7yey7fc%2FJ0NxDPi4eEybv22yYU%2BJ6obPtFBblJ6VYEOPxKz5bEjU%2BlgTiVOCuzqCsD%2BJj6OWJ4ZnlrSZr8PDPdBCvs8uWtdKzInqKADQtYsSu9KSIlX7z5byCJOWIaPqqINmUyd7WPi%2FiIkq7Q%2BrYNSEJXM1%2Fkp0%2FuCymCvhh8uiwW9%2F0ccFJxfYBSrxU%2BHc8r%2BjyXxpORDfSDBvRkBad9fdnOvVrJHGF%2F%2FjVNbx%2Bzm8rAXsnm0j2jb8aLBAi2gEvoFaSnpHu6sJF1TG8DXvuOXRWh2aiSE1QmeK3ZPITzKHcbEnR%2BI8rdmbb1kct9MRCLGfjIG9nJwL61DEjUl51ynP%2BbEz7cRXfqiCwBtPYYwEdSt6i2JAbDHm4%2BMt4UnVfLXyEwalwR9aKc2jHVdRQO17PQDtiN6JywlDtpH7mH2YXAojP%2FxOtbwRwAxETKt7gbgzCOuZjlraPaHUDY%2FtbrnZWS0KBvEWV4FPeBK7DFD5yJMSMKJznFL13iihZVjruaqbDSuCAfUfcIDgsehYj9CvJInosrf7m9AzkTwg2AH7K1FORXSlVWadlAsNH3P8G1G8hS0XqtIUGoGy%2BbfoTy7U8wbQoy5vKvgqXLzaHI2KwMQ3i%2BdJb1NmOoRBMBsXNQGXzjfbC%2BFUQB%2FrDAzm2q1KHRsHkfE%3D&nvMid=9501105265&catId=50004654
2,3,한우 1등급 18종 꽃등심 새우살 살치살 육회 갈비살 등심 안심 채끝 차돌박이 국거리,19800,2113,1683,336,1,건화한우다,3500,구이용,등심,200g,,https://cr.shopping.naver.com/adcr.nhn?x=BQxfONqm31OQLnqHnYjSUP%2F%2F%2Fw%3D%3Dsil4r3r2DKqhp7AMhwVv4POAY4bExA9PQxs6mCun%2F4zbPtFBblJ6VYEOPxKz5bEjU7bBxPuqzg%2FKFb9%2BxGYxStMi30QtKP1mA7BYZPpxeJLceHZ5T6o%2FKOxB%2BF2EdwDbS7zqDWY4a0rSiKMPozmlHnybR3rdxkXI61xri2pFnAYa6LNub1UGEGOMAc6p%2FaiylhNAWEw0JCsb7LJXBJqKWV9015zgK%2BP5r4ZCysDfiDpUzMjN4358nNrSnjCeyqaEl36iMc6osZXIR0w8%2BnrLL%2FKsJF1TG8DXvuOXRWh2aiSE1QmeK3ZPITzKHcbEnR%2BI8VSkFW8p6d03HmaDRmlN5VeHGY5PR644seTq6fThLTG3KRyvq%2BfDUs63OSxYfmA1XOsSe8pRctujQTJwU3IJDBNljLrjHfz9kKq0Jj5qLvOCHpldZbd3offl%2FsOoN732BhcBA4z%2F8KV3k4xJu9XHrhjZY5yIEhB0lQkoaWP%2Fig%2FVrYOccwVfCnUb64YyMzcgm6GMb3DFe3lDCZRqzMk9XoOZ8nBw%2FJKTm28ADTz%2BWWM3d5mi3Kh47HZrHbU0IZomvPMVJK2Wue4SOisTsxhvUEVWMa3BgSGvU5zAcdfXLEuBpXpiaVv2ahQAtqV9WlVOUNO04u1xgbASbsdkKb11FgypsaP4Bbf2%2FXiFaTANRV14G86QgqQpfMNTCygy6ST275Hv1T%2FoDPeAT2ZD%2BWCfnsQ%3D%3D&nvMid=83249064972&catId=50004654
3,4,한우 암소 투플러스 우둔살 보섭살 육사시미 육회 뭉티기 한우생고기 1++,18000,856,1085,412,1,소문난정육점,3000,"육회용, 불고기용, 장조림용",우둔,300g,,https://cr.shopping.naver.com/adcr.nhn?x=rfDEClczLXT7htZl2J4ao%2F%2F%2F%2Fw%3D%3DsOG32nlm5gobsZicLuvQ7kHSdek62Ky3EcuEv0Xyk6pS%2BujfgJbNMB2WWL70VDrkexQC4BDqk%2Bor4BZbPByvi%2FkgAn8lD2%2BxrgblrBqYwPdUckd9Ca%2FSccvvQHwZvN6rSWY7G1dZ4OGSNxlPO3wXNWQpIZmuMCgfXAu66jBebsX8S05jLlaI27Bp%2FV5Vew%2Fk0rFRN%2BLM1yJAr78kyjmQeuVavFoQZioHQNBzgV6NBWA49ldnmG45%2Bqy2dGoxyo6CvDXYXzLJlGIfjMVFtNGnpXquKWQN4b7WstTXVRp4V%2Fd2Kx7G3krbJiQXzryuwwOqJBDM3%2FemL1TSQgW%2FFj7VRvmE4xc1iowXqcubSUm9XTeddrU9gBvTOY8XVxGgpGxxdBsSDTb7GMX8vMR0qAdteeY6FERJIm2HPeBeYtVEv7K%2BCTTRRu%2BsfW1h1oktZArVwaumJjHjzYKIDtJH0wX%2BUUWvuveVSqIN2ieXXnJg6gHrH66SUkbxh2Pwy%2Bm%2FwmGeBrtGeS0%2BCyI952WGHtsHKogY0uvK8TBqdYx82R6wD6S8gjxtbSNvucM8GnQZz9R4hjF6VMHCZSocNRIyu4%2F92UopacyjvGy1rSX%2F%2B%2BPaUvEEPmk6E%2FvQgp8XH7lAfkRYTUYdCt33GXGv2exzsad7bLrChsoql2f1zseA7V7IunbQ%2BbZXZYuPSgt%2B%2B1dICr2M%2BDVCYCaeglF2rgr1u2OQIzQ%3D%3D&nvMid=82716143302&catId=50004654
5,6,당일도축 대구뭉티기 한우 생고기 육사시미 육회,20800,296,618,207,1,고기에 진심을 담다,4000,육회용,우둔,250g,,https://cr.shopping.naver.com/adcr.nhn?x=akWXYwgO1LzhAl%2FAH9H0vP%2F%2F%2Fw%3D%3DsEjZJYKN2cvyxREspdDdLQFeSPYPSqHvgqdjYuLCbik02T%2B2I7vM1lywjaE2447yK6sM0wB70pxASDShM7yOk7NyGaSr%2B0dRu37W7MMIB4NEaKnS7qDzT33%2Bj2nEMp8lH4jEZTST%2FGHtH6cnntuce6cjb163Yj5fJLIg8idXIiBEE8h6KBdf2FmbwXiMKqwB6y7WsjvL6fGBruqRzbSMBoQdLXoybizBOVFY0bnGAXBsk4WIDAuLXz14B6AF%2BHBrQAJIb%2FWpcY6bSouc3HQ6IiyFOgT28sJCECrb49FuTCNjBz7%2BORHa%2BX777%2F5U82WuFRDpykpOqWZgZqWcBmVwRDfWmA1QF81z5hKR0Fk4KV5U92NMUeX12hiw3OKRgQgAuKIEPy9huh9JNuR6eleqJXhqnTbFUBQp%2B3g29YWR2EfdcSleoFxZpYEh0mGGbDRSnmmGgEUBTp2GtSskKqMhhNse7xE0WC8Lew72fGWtUYBbte1LUs0dd%2FjHR%2FPuSWLIEiQgupYTeAg0mxhqmS2NgmVcyVnkBVz76Cdi7CLMh3Rw%2BedvAkuJ5YDkZ9hpo9o6VD%2B1GzYyCQAVsDO6ulMSbli0sfi%2BdIdP4MGdl10y1UXcXPaFU6NZ%2Bnvr3enYJEb9gpxIsnpm7XrxivF7af6SanR0cjwVm1BUYVknE7IEMpz4%3D&nvMid=83973494775&catId=50004654
6,7,[당일도축] 대구뭉티기 육사시미 한우육회 뭉텅이,14900,153,296,297,1,성수동클래식,3500,육회용,"우둔, 기타",200g,,https://cr.shopping.naver.com/adcr.nhn?x=5YYR0XYwq9BG0UW3PUCd3%2F%2F%2F%2Fw%3D%3Ds0xIFscdAXxTyZtTM6tNVrtdljimPYwqC8YNwTLkAhXO%2BujfgJbNMB2WWL70VDrkes1Mv331VFNFNupx1biJUbUgAn8lD2%2BxrgblrBqYwPdUckd9Ca%2FSccvvQHwZvN6rSWY7G1dZ4OGSNxlPO3wXNWQpIZmuMCgfXAu66jBebsX8S05jLlaI27Bp%2FV5Vew%2Fk0rFRN%2BLM1yJAr78kyjmQeuVavFoQZioHQNBzgV6NBWA5Ao9YfPLv8VPz%2FnjiW8NPlG3Zv3%2BBqjODCk%2Fjb062sGauKWQN4b7WstTXVRp4V%2Fd2Kx7G3krbJiQXzryuwwOqJy4OZkTGzIzIxvA%2F0y2f2rfZArHUHdZV48%2FJassOPlPVdrU9gBvTOY8XVxGgpGxxdV2hJ35Cj7b%2FsSJNK83wGQgYmagn7qQYVd3aW65qZnb5upjVSI282YxtVDsCLveueYQvA29Ii2ZDBUtK1xfH3NovLSTle0i7KoQBmGhe8MWHlm9lgbDY8FXsGD%2BP5rBqLd4EhFffuouztLg%2FsVb5DMs9PyMxsslPEPCM4GewFcjHV6ytIky4OXkELHqrc388HrBr0mWZyQNskAlQQa9x8QQeWSE0%2Fslz6EapFva9k4B8bEukKU5x0jAlkfGb0ve8aAy21k5upBIu26w95oeYVmQau4fTwOUqyF63FjwpQRls%3D&nvMid=83718773113&catId=50004654
7,8,도매/식당/업소용 마장동에서 오늘 썰은 육회/육사시미 2kg [국내산 소고기 냉장],59800,441,998,220,1,소소한형제,0,육회용,우둔,2000g,,https://cr.shopping.naver.com/adcr.nhn?x=ghOCh7GP8irPuI3BMAbS2v%2F%2F%2Fw%3D%3Ds8pDonhVth5GAx2USzMuL6GJQ8WlM1kihWsZdBVjWPV2%2BujfgJbNMB2WWL70VDrkeizuECp792AjcrAEoGpB7ZUgAn8lD2%2BxrgblrBqYwPdUckd9Ca%2FSccvvQHwZvN6rSWY7G1dZ4OGSNxlPO3wXNWQpIZmuMCgfXAu66jBebsX8S05jLlaI27Bp%2FV5Vew%2Fk0rFRN%2BLM1yJAr78kyjmQeuVavFoQZioHQNBzgV6NBWA7%2FQtkUE1awMqhmnr9i1MXT%2B10G11UzHCt8fT%2B%2Fofe0qKuKWQN4b7WstTXVRp4V%2Fd2Kx7G3krbJiQXzryuwwOqJHprGfLq%2FCx8xoSchE0N4CqW42SMKzIyq0btKkMWHQMjHvY%2FUzN94OzIr5wG3PfiAoaFGh0CuQQsqrHA57dA9K1GHn3UE%2BWXXt%2FFAoyZnefz1OBZsS5DMy4viE7Hu4uL2Q%2BJlglifYnwldF%2FervRYaZ51%2F5cgIEW0LXbpVWtwwQxWrQUPWbfj5MowfL52a7K8rLxmuEvrzB08dqoWvhFgpJ%2FoBRPSBhnedtAj1INcRx%2B6wg%2FmZiUtmKkGyKom25juj3qtGpzeSigdH78YQeOvDv1gRkugYbqRjWQ4xlIMLFnOkzT5LB0McRgapzqJ2pXH2mUPxRWF7FUCp53u4CkwZKT36ALx2j19eZJZa4aFWHlJdF6QXENkKqBjzCri1ld4zY6of2Xpggjm6A4Z8HgJhg%3D%3D&nvMid=83280658175&catId=50004654
8,9,[성강한우] 육회 밀키트 1등급 한우육회 250g+비법소스40g세트 (오리지널/매콤),15900,271,,73,1,성강한우,4000,육회용,"우둔, 설도",250g,,https://cr.shopping.naver.com/adcr.nhn?x=KP0%2BSX8zVnCLME2VnIqUh%2F%2F%2F%2Fw%3D%3DsnsyImK%2BEgY09MZqwfyIkKPkyed3anzlO0v6qI8bm%2Fgy%2BujfgJbNMB2WWL70VDrkeI85pe7GKfRe4sR%2BWnFC2w0gAn8lD2%2BxrgblrBqYwPdUckd9Ca%2FSccvvQHwZvN6rSWY7G1dZ4OGSNxlPO3wXNWQpIZmuMCgfXAu66jBebsX8S05jLlaI27Bp%2FV5Vew%2Fk0rFRN%2BLM1yJAr78kyjmQeuVavFoQZioHQNBzgV6NBWA5B46fu%2BusHTQ13%2B4FRHWnQpSwGCVRl8oz59sXvcOGj1quKWQN4b7WstTXVRp4V%2Fd2Kx7G3krbJiQXzryuwwOqJ56T%2FaR3PMwrdsIqV9L1DImmGaCRTp6Ica%2Fru6S1dBOddrU9gBvTOY8XVxGgpGxxdSebthN8wpNnpPnSn%2FEEzaAYDXkvpxwEhjlfLWEYuqmj4J6m8sCm9Wi968ZKeGrZ%2F9tVdDN6w%2FyXycPB9fZ8xuKGBiblA1%2FiDf%2F%2BJ3v7tZSH71cj3AqNwlelX%2Bv%2BYBSla%2BTzzjI2kzZ1ZlwWE66L1pWZPPo%2F57ixBMJt2TmtefiP1ukguR5vmDH8aG0d9P%2FDDdXmFJVeV7im4LHwbWo%2FGL1vy8Qkrnupa34B%2FQLWjadyr7VAb36ErED7xDOmVlGU69kCCaf%2B3bqF6IXDYildNxQhknr1ScNPkLXVFi3I1B0TBgDakwXcBwkkqFMEqxURaDhLBwu%2FFQS5xWYf5w6G3jQ%3D%3D&nvMid=82704754437&catId=50004654
9,10,소고기 한우 등심 안심 채끝 국거리 불고기 육회 부채살 업진살 치마살 차돌박이 10종,9900,455,493,942,1,한우맘,3000,국거리용,"우둔, 앞다리, 설도, 사태",300g,,https://cr.shopping.naver.com/adcr.nhn?x=jSM4j0kYG8yDsGOhewkt8f%2F%2F%2Fw%3D%3Ds50xBdGXyHXF%2BhxZY1RMgYOAi76EGlLjhHqft4ves9A42T%2B2I7vM1lywjaE2447yKJRZrDBMVsO9aXgQk5ZMEPNyGaSr%2B0dRu37W7MMIB4NEaKnS7qDzT33%2Bj2nEMp8lH4jEZTST%2FGHtH6cnntuce6cjb163Yj5fJLIg8idXIiBEE8h6KBdf2FmbwXiMKqwB6y7WsjvL6fGBruqRzbSMBoQdLXoybizBOVFY0bnGAXBtLH3%2BL0TFAxxqIoE%2BJ9oU9xZ37nKQ2PiA5En82yBxurCFOgT28sJCECrb49FuTCNjBz7%2BORHa%2BX777%2F5U82WuFRDpykpOqWZgZqWcBmVwRDfR1%2B8z1jUJ1GMW74x5ptn6H1Zb323wvuLVDX%2BFHRcB1KIEPy9huh9JNuR6eleqJXu%2FsHgdCsxFA6USQNeG2B10wfgnzSu9mMtlngOoLsU%2F5gj%2BpdbVlAxe7VeGc%2Fe8pbW6vI%2F5ZaIvSbigHjkL85s5iCeMoE%2B5qzY6%2BymnSEjAwrOZHKLJa3oGv5OPfjf7yTbztr8hlp7yNspvfdwGFdLOs9XnUp43kRhcOoOobJTvyXB759G4L%2FAFraXjgy0RJG5dWqEBivXSZzg8uXj3fv80aqoq9NJsEccn7ZwUcLz7HkAlOKwPahCEyYd9E%2Blamjp6YsKFHxnHu9uJtHIhGI%2FesQA5iTMq9X1USwTsLBeITkT9R87R1mtjEzh4YjAQuhYKoDr6us%2BRKRCOTdsWr9TI%3D&nvMid=83181291643&catId=50004654
10,11,한우 대구뭉티기 육사시미 소고기 육회 생고기 300g,21900,2842,2519,1120,1,아이러브농수산,4000,육회용,우둔,300g,,https://cr.shopping.naver.com/adcr.nhn?x=%2FNeY9P2GsUudIzRSuTmBBP%2F%2F%2Fw%3D%3DsTSgBW5uLUR6sy3VN%2BoyNQHKkGY32MUS6J2BpUeaSWtCk5X2JRgAMpXMWke7HgHVj%2FemRo%2FLSFR4%2B88Se3G%2B0m8i30QtKP1mA7BYZPpxeJLceHZ5T6o%2FKOxB%2BF2EdwDbS7zqDWY4a0rSiKMPozmlHnybR3rdxkXI61xri2pFnAYa6LNub1UGEGOMAc6p%2FaiylhNAWEw0JCsb7LJXBJqKWV9015zgK%2BP5r4ZCysDfiDpWfSOxyeIcqtjVhy8e6QiFdSllgQ%2BDJBgYqXQLQwoD08asJF1TG8DXvuOXRWh2aiSE1QmeK3ZPITzKHcbEnR%2BI8tTSuEM3wONy6WuJ0EnwSVmgbL%2BvBR%2FdT%2FupAcGWaIntXfqiCwBtPYYwEdSt6i2JAHup2%2Bl5Unh7N0NbTrOGNGNQjIE6y%2FmftH7E6KsLi1PbgRTsdPduK%2BHX4tguZkc1dA%2FtiOheW5UOLOomTyqBRpLiQZyIkkVpnvTlk3dJvLeomVzGpLP3cBuvS8jpQ5Wa2RMP1Jtnh7JJefKJXIHt3peYxIq4daFn4T6I4W4LG1MIvHHbl8alcuJO79x1O2ghm8rZF2YDjySINB0vGHdNA3XffBh875eYbyJp4xJ6XFj2WVjCnKEhD0hdEwty0YkSJYFx8Zt3N1gkRM4V7K6KABgau4fTwOUqyF63FjwpQRls%3D&nvMid=82631381835&catId=50004654
11,12,당일도축 대구뭉티기 한우육회 소고기 육회 생고기 육사시미 250g,21800,7697,4368,1520,1,솔직한농부,4000,육회용,우둔,250g,,https://cr.shopping.naver.com/adcr.nhn?x=4AuOid9SKChSF56i%2B7cV7v%2F%2F%2Fw%3D%3Ds3dH8ODTTWf3V5nZrYWTOiNRlYQLbjpl09VsjUZXan3I2T%2B2I7vM1lywjaE2447yKjt5p%2BO9gsI1tQiOuu0kiNdyGaSr%2B0dRu37W7MMIB4NEaKnS7qDzT33%2Bj2nEMp8lH4jEZTST%2FGHtH6cnntuce6cjb163Yj5fJLIg8idXIiBEE8h6KBdf2FmbwXiMKqwB6y7WsjvL6fGBruqRzbSMBoQdLXoybizBOVFY0bnGAXBt15IOTy1sR23WjK6GjYxEKRb9%2FdKWdDDlRsQ8zc08HRSFOgT28sJCECrb49FuTCNjBz7%2BORHa%2BX777%2F5U82WuFRDpykpOqWZgZqWcBmVwRDf1hovP4hD8UYQH21Nn8beF0oWKO4xgv1GjfDdxdx1HemXDmIOOB6kamF9uF35YumKXuRu5MUCoYs%2BflMb5%2FAQmPEHqbOa1nOK7hUQxWAWI8W3AnHhA0mgJKfFmirC9a6ogT7Gwz9CQVIWTzL%2BH1gs9gx6r3svAVEEwCGOAqfdRcgDllAuSLx3TTmnmKCyWat7sXUKvkWFYKAODO%2FPg7oX8oBADA%2BrQTD50UZPWSs%2FVisYqbHZscwVOU%2FshHzPZiJ4OuAKV6RXG1Is03XJLviBeiIg2lro03ezBphzzIpqRbD2%2FghohmK3OBUej63m2QaF6pYg1hrpOlXQoosbNnRPrNjqh%2FZemCCOboDhnweAmG&nvMid=82307515528&catId=50004654
12,13,당일도축 대구뭉티기 육사시미 한우 육회 생고기 뭉텅이 뭉태기,11900,27,52,26,1,전라도청년,3000,육회용,우둔,200g,,https://cr.shopping.naver.com/adcr.nhn?x=sUo%2BXuMcqPbpvJe4NJ1BLP%2F%2F%2Fw%3D%3DsfwM1paIgbIShgYCWvG5%2FtTkbAziDEBG6ob%2BuqSFvZhg2T%2B2I7vM1lywjaE2447yKjrkVo5QzvP2%2Fcn%2BoaQL329yGaSr%2B0dRu37W7MMIB4NEaKnS7qDzT33%2Bj2nEMp8lH4jEZTST%2FGHtH6cnntuce6cjb163Yj5fJLIg8idXIiBEE8h6KBdf2FmbwXiMKqwB6y7WsjvL6fGBruqRzbSMBoQdLXoybizBOVFY0bnGAXBsmb2Gzj4gWCbcNgKiKcoiC1ndHCeZA34x9AxYZSe%2FVbyFOgT28sJCECrb49FuTCNjBz7%2BORHa%2BX777%2F5U82WuFRDpykpOqWZgZqWcBmVwRDQxUQtAz3ibk%2BZ1fy%2FHlaonDuilHni6pzCkCUmo5ZeHWKIEPy9huh9JNuR6eleqJXkFO7DN8tHEtdtvwLLk%2BG%2FJcSleoFxZpYEh0mGGbDRSnmmGgEUBTp2GtSskKqMhhNgJcizpsGbapzBWgOCwwzrI%2FZGuCV3RhaocMdMA5spDTk0AwL%2F9btFbKXSG13TZlGYHogWsDEMaRfkGlnoD9OG8oBADA%2BrQTD50UZPWSs%2FViIGoMor6uZBiC9jcxa9uoaIOuAKV6RXG1Is03XJLviBcRhyhTJNp%2F1XbkDxwKyyyBBJ7MEb1AcYJ21i%2Bqm%2FDgKLMCXF3eTctyPUtP060%2BWtBoaKZHilHbuauHUigNM5KA&nvMid=84204919892&catId=50004654
13,14,[육회도매]국내산 냉장 육회 1kg 업소용 식당용 육회택배,28900,53,185,41,1,소잡는 구선생,3000,,,1000g,,https://cr.shopping.naver.com/adcr.nhn?x=6dCl5tXRLJ8L5uESmPsLY%2F%2F%2F%2Fw%3D%3DsBiWa%2FJ5Pv03Zu%2B3Oh%2Fa0tF4IIF724NepvJS5sNQ0e9O%2BujfgJbNMB2WWL70VDrkeXudlv%2B5DVcJgRdczytR38EgAn8lD2%2BxrgblrBqYwPdUckd9Ca%2FSccvvQHwZvN6rSWY7G1dZ4OGSNxlPO3wXNWQpIZmuMCgfXAu66jBebsX8S05jLlaI27Bp%2FV5Vew%2Fk0rFRN%2BLM1yJAr78kyjmQeuVavFoQZioHQNBzgV6NBWA7Dag8%2Bov8fPNUxiIPvo3FllXlr3xME5RUzjbvOCf6wJ6uKWQN4b7WstTXVRp4V%2Fd2Kx7G3krbJiQXzryuwwOqJptkMViy8T%2FR05bbvXOqDZbE1nmDYlzKpkS16h9Ine91drU9gBvTOY8XVxGgpGxxdAnGXy5jnRL1JVwUTHU0smvejIqJzXT3%2FjizKvh6jNx%2FVGL%2BZ935aBsiksocBndghmBVfR4H7D5%2BDEo8clUadsLgq8nuJ9mS8pFU%2BXogxmhbd83eJfNFjA4CQFj6PDHCOowP8PkuOBAcFzaTeCmzbvi%2B4koN57ASn0Yp4PckQlay1XFTv7tTYCU%2FKlq3Cp2WseWd4yL27oAfbow0InKbwbqosS25jwJLOaBnT2bzynSXo6NIsp99p4Jg45RjUrrhf29kk6GWyq8fCoDctcFgDwuR79U%2F6Az3gE9mQ%2Flgn57E%3D&nvMid=84366285331&catId=50004654
14,15,당일도축분 대구뭉티기 한우육사시미300g 생고기 육회 양념장제공,20400,958,814,318,1,동인축산,4000,육회용,,300~600g,,https://cr.shopping.naver.com/adcr.nhn?x=BtWPy3683EWr0tBPFYfHCf%2F%2F%2Fw%3D%3DsFPBhPDXZvEHGSgtA8O4q6PRNmQq8zWSZJVPxx2U423q%2BujfgJbNMB2WWL70VDrken9Bk05wgEV2CczYdMMgpy0gAn8lD2%2BxrgblrBqYwPdUckd9Ca%2FSccvvQHwZvN6rSWY7G1dZ4OGSNxlPO3wXNWQpIZmuMCgfXAu66jBebsX8S05jLlaI27Bp%2FV5Vew%2Fk0rFRN%2BLM1yJAr78kyjmQeuVavFoQZioHQNBzgV6NBWA4G8IKVO8%2FB3aTa7PhX5WcmrMFYSLx01PlumjvpUWzzaKuKWQN4b7WstTXVRp4V%2Fd2Kx7G3krbJiQXzryuwwOqJ6VlUHKnxp9gt2VDSLLhJXnLnYrYK470tPIp4i7scRI5drU9gBvTOY8XVxGgpGxxdtzf00CJTU2RzhG8pCanZV2uyv%2Btriblh5u6JsXZjikZQ7hlhb3iYi773FU73S3wifRTWruFJUcC7OAWMmSFRVRhaG6wS%2B8efCE087E1gQMdTttfWUWVPa6E8lBnWex%2B2VqknwNAw1h7R9qtbHLOlH8Un59geVDK2A914K3ZcMix3ltPp9QnI0Bc6tPsRlADmRn6m6d%2BxUqeLTzki0SAFuLk9yx2LE4ozzid%2FD5Tsgrpy%2F6p3%2FHyEmE7HFWSK87qwrhJpQ4ok9pNDrcAYbppwQL%2BeA9VqwOeNoOezAwHjgwxoaKZHilHbuauHUigNM5KA&nvMid=82376023153&catId=50004654
15,16,당일도축 대구뭉티기 육사시미 한우육회 소고기 육회 생고기 250g 600g,16900,238,575,306,1,시장마트,4000,육회용,우둔,300g,,https://cr.shopping.naver.com/adcr.nhn?x=1YL42nkmzmaobDFEx4u%2Fef%2F%2F%2Fw%3D%3DsN6k8PAH0ZXUvqlLmWDUPlXikLRVK3yUAPs1HwpQF%2BhG%2BujfgJbNMB2WWL70VDrkeNOkPFn4Su47hqjEJu0GPIUgAn8lD2%2BxrgblrBqYwPdUckd9Ca%2FSccvvQHwZvN6rSWY7G1dZ4OGSNxlPO3wXNWQpIZmuMCgfXAu66jBebsX8S05jLlaI27Bp%2FV5Vew%2Fk0rFRN%2BLM1yJAr78kyjmQeuVavFoQZioHQNBzgV6NBWA5w95%2B7O%2BwxazwQZbggMDC91wmYQufZAfoYaYxDbSmVsauKWQN4b7WstTXVRp4V%2Fd2Kx7G3krbJiQXzryuwwOqJ2cUA3F07yjFyAmlnzPn1xO8yJxwmhFHGm87gdso9bjldrU9gBvTOY8XVxGgpGxxdnopkHZNhwhjIPeo514bl8885p%2BVmAOCMg73eBzkT4%2BhQ7hlhb3iYi773FU73S3wiT4vmDcvu4mzVHDJLNY3WhWgi%2Fxwb7APwwhiU7UfFr1ermvpslpwIvS5ZoZ6TudRCZpWTzCOdBdA1cgMQBUIox%2BPltf0xMVPKQFrDJ8p3UXShoGJ0bEwcW6I4UndgWSFBA2mYTea7ABg%2BXulujQhFXuYwDfe5LVn0XDK2tt3nbkTjPKi%2BA9MCoJoUB%2BxusassSJFHaR6ZU5pGAokDmJr%2B0Kh%2FsaLbGlBHR5Qh1ZhvEp1Xc50eBITwugSNPH3Ok09sVpGw61BSdoQRvEGgfFlc5w%3D%3D&nvMid=83307628360&catId=50004654
16,17,당일도축 한우 암소 대구뭉티기 생고기 우둔살 육사시미 육회 물회 캠핑고기,14800,528,737,333,1,그립소,3500,육회용,우둔,200g,,https://cr.shopping.naver.com/adcr.nhn?x=n3%2FNV3Veu14FHxJO7Bu7Zv%2F%2F%2Fw%3D%3DsZuEdQrJGohoFk%2BSZ7JYRb48Inw0T7klsfC4lYsAoU3q%2BujfgJbNMB2WWL70VDrkezNdTJkfc40IGUEvurgtdxEgAn8lD2%2BxrgblrBqYwPdUckd9Ca%2FSccvvQHwZvN6rSWY7G1dZ4OGSNxlPO3wXNWQpIZmuMCgfXAu66jBebsX8S05jLlaI27Bp%2FV5Vew%2Fk0rFRN%2BLM1yJAr78kyjmQeuVavFoQZioHQNBzgV6NBWA4LrWeRsyJm4Jcha7oHJhJeTSuenQynLPLsChCfSwR%2BR6uKWQN4b7WstTXVRp4V%2Fd2Kx7G3krbJiQXzryuwwOqJuRAchhBi%2Bdi9b8YXN4WibwtGzc1kww4%2Fg%2FuSURNhN7BdrU9gBvTOY8XVxGgpGxxdywCAijZynX7OO120v8XLEGSt4OlUfuXfYUdSuD9vi2JQ7hlhb3iYi773FU73S3wiBzPiyV%2FRcxPiNfqrDLrkZQGZrufHYFdMhVJpHsUUbLmSr6k3cMXex8T01XmX8U0aWpa8ZvDHzzBsSCQFAVxZW1Mx%2BCX9p454AvnP%2FwcnDdhfhxJNAcmCVgeusQLzRmQtPGMmsgNj3aJADSPU2EB%2BmRWJAWaTov%2F8emxSHh5MDIbmELFO07QEQYUyi%2Bk709RTlW6h51KJuttCTQlT2MgzXGrT7aJbkJVpJGbtouI%2Ft9HhBjCwxw0Hr84F589ug2ccy1Vhq%2FH77x9Zlr1IFzyuow%3D%3D&nvMid=83296964154&catId=50004654
17,18,한우 1등급 등심 채끝 부채살 안심 갈비살 불고기 국거리 차돌박이 사태 양지 불고기 반값,19900,25,88,21,1,주식회사 금호축산,4000,"구이용, 육회용, 스테이크용","등심, 채끝, 안심, 갈비, 양지, 사태, 앞다리, 부채살, 목심","250, 300g",1등급,https://cr.shopping.naver.com/adcr.nhn?x=8Nb9ymIDwJqNbxIy7drsOP%2F%2F%2Fw%3D%3DsXSCGw4v8qPeQznG7VpXE%2BhjK%2BPhClXGqWVsaCHJeRDCk5X2JRgAMpXMWke7HgHVjRc4Vyu14%2FYkot9cPn5DN4Mi30QtKP1mA7BYZPpxeJLceHZ5T6o%2FKOxB%2BF2EdwDbS7zqDWY4a0rSiKMPozmlHnybR3rdxkXI61xri2pFnAYa6LNub1UGEGOMAc6p%2FaiylhNAWEw0JCsb7LJXBJqKWV9015zgK%2BP5r4ZCysDfiDpUEECiayTrQc6%2F2N3LutqHdxGegF%2F5l%2F%2FupEhDhq1ft3KsJF1TG8DXvuOXRWh2aiSE1QmeK3ZPITzKHcbEnR%2BI85knjDbwTNB0A3abbTTACbnMON4kUvlHEm81vQgC%2FAlpXfqiCwBtPYYwEdSt6i2JAHBan%2Bxm8A%2FpTkJdUUXDcfPvR0I%2FcGUJCqaotO9kmoGSHIGxqYYRIfNMPQWGfTGd48k03opbKhX8KR0eZUB6nl936yoJqy4Gl7tLeq4DejqDk68p7UW88KW3nDO1wgutCxRyqLSN5vA5tcVPnrsIdq%2BmJxlncBsp81pojj4TP8DzubBlyKBy9raGqKqd8SDyIv2nvaOBigIrwmV2RXwTmvdQzmby%2FSaTeKoMOkz4ryKEeKxAtz0c8%2Fozuntnyxm9lD%2B1GzYyCQAVsDO6ulMSbljQprUkoQJgJN6L9HAIFjR7tsa%2B%2Bff4EmO5haxxEHWm2eMu4fWWqeqvtsrJd3wTsBw4SwcLvxUEucVmH%2BcOht40%3D&nvMid=84319351908&catId=50004654
18,19,[성강한우] 육회물회 밀키트 750g+한우육회 250g간편세트 (매콤/오리지널) 캠핑,31500,31,,9,1,성강한우,4000,육회용,"우둔, 설도",1000g,,https://cr.shopping.naver.com/adcr.nhn?x=QWAxLYa9yIhMp4CODbP05f%2F%2F%2Fw%3D%3Dsk3aQ62qzQBGYXHZT%2FoCuPCFzrQqd2HuEpF7iecmqCs42T%2B2I7vM1lywjaE2447yKIbgi0yjbws7%2BPMaPFxIQFdyGaSr%2B0dRu37W7MMIB4NEaKnS7qDzT33%2Bj2nEMp8lH4jEZTST%2FGHtH6cnntuce6cjb163Yj5fJLIg8idXIiBEE8h6KBdf2FmbwXiMKqwB6y7WsjvL6fGBruqRzbSMBoQdLXoybizBOVFY0bnGAXBuLJhpMDBzCjuHIgrdDTZyq9jyLi%2BfNg2BNGUuTNxY2diFOgT28sJCECrb49FuTCNjBz7%2BORHa%2BX777%2F5U82WuFPW%2FWhsws%2BmqKZySCwtxb%2F3BAOmjFSWtq1qMriEeuzfxoQSe7L3%2FaO%2BpItkPBv5bWKIEPy9huh9JNuR6eleqJXsuHK4RDmv8Zq%2Fqic6td1qhtlPezuhB1XZVnWoXLVx%2FH23U8t8YLEoaC0uLhha6Ykt%2FCf1oeX211AaZD9wIZ%2FLvH%2FX24Kjy5wg2QALHpiEfmiHq0R2vGlQa4fdKXBqP9RPtiZtIEznzq%2FFtwAsLv%2FqFQ6M3zU9W87jizMksAyo6nKAQAwPq0Ew%2BdFGT1krP1Ysb4iPVqKnSD8qP0YoV12a2DrgClekVxtSLNN1yS74gXPXjSdxGMXI2fQ0eSpC%2BuFelAoYSgrVt4JcsCBfb%2B31M%2BG%2FTbuaZ6wOvCjT10y9QszY6of2Xpggjm6A4Z8HgJhg%3D%3D&nvMid=83239163944&catId=50004654
19,20,당일도축 한우육회 한우 대구뭉티기 당일손질 육사시미 생고기 우둔살 양념장서비스,9900,1447,1697,491,1,신선테이블,3500,"육회용, 구이용, 스테이크용",우둔,120~240g,,https://cr.shopping.naver.com/adcr.nhn?x=AN3tv5J9K27lYJBoUbWcLv%2F%2F%2Fw%3D%3DsZ%2BVpfvoXmf%2FzF8oNQXkCMHWw9CrWKPAAtIcawtsGW%2BG%2BujfgJbNMB2WWL70VDrkeNx5jIlkGuifCIz99KvuXkEgAn8lD2%2BxrgblrBqYwPdUckd9Ca%2FSccvvQHwZvN6rSWY7G1dZ4OGSNxlPO3wXNWQpIZmuMCgfXAu66jBebsX8S05jLlaI27Bp%2FV5Vew%2Fk0rFRN%2BLM1yJAr78kyjmQeuVavFoQZioHQNBzgV6NBWA5QgZsiAi52GPw1maaialwwqct8uIh8eaCHjC4k0M9FmKuKWQN4b7WstTXVRp4V%2Fd2Kx7G3krbJiQXzryuwwOqJj3Jrih6O4APw4DO7AyaSGsC%2FVKf%2B2byBS1P1%2BWDqzE9drU9gBvTOY8XVxGgpGxxdwbUofi1X7VQEEKpSpWR8HxD%2B5Q5yWtHqDi9mjyS9D29Q7hlhb3iYi773FU73S3wiS60xLrq8OmKYs8ZW05yBl%2F74bEb3O%2FTbXrZVbzMj963fVml9kUUpaOR9KeojuZi1qfOnZ94AlA45zewiXH7TrK%2F%2FpH2zcx%2F%2BA0J1CE9XbDCsY%2BPmxiPH%2FEO9EVh9A9%2BT0RtEabQFE8zmxcZFqep6e7EsFAzCRtwfMtGlBR5no6Ft9tvKk8Ji4qEzI9JNkJaoURQYZ2Qbf2%2BrHTVXwHQKZyZPkPROKXUS08EYuQLJerayAQ7zkn1yPcPJu4JDLU5e%2BGKPtJQykmRookhxlg1f7Qau4fTwOUqyF63FjwpQRls%3D&nvMid=82835399637&catId=50004654
20,21,[소잡는구선생]국내산 당일작업 냉장 육회/육사시미 300g 뭉티기 육회물회,9700,7720,5991,640,1,소잡는 구선생,3000,,,,,https://cr.shopping.naver.com/adcr.nhn?x=GhOn43dbqaoqjqeN6xmOrP%2F%2F%2Fw%3D%3DskUU2PR5ZGkA7An8dsBWUXhCc6RdghzMq3ASU%2FtDqAiQ2T%2B2I7vM1lywjaE2447yK%2BkJsMCVmDqdCy4OpRKiPONyGaSr%2B0dRu37W7MMIB4NEaKnS7qDzT33%2Bj2nEMp8lH4jEZTST%2FGHtH6cnntuce6cjb163Yj5fJLIg8idXIiBEE8h6KBdf2FmbwXiMKqwB6y7WsjvL6fGBruqRzbSMBoQdLXoybizBOVFY0bnGAXBvw6Qc5P%2FEqSUsqDS7lBkO0FyTwGFwTZuHJNUpkZCgBxCFOgT28sJCECrb49FuTCNjBz7%2BORHa%2BX777%2F5U82WuFPW%2FWhsws%2BmqKZySCwtxb%2FxP3KzjpTiHYD5%2BAoDG6TUT7Pr9xb9a%2BJ%2F%2BruuO0miAXKIEPy9huh9JNuR6eleqJXtyJWgQ6Lgp6GWogHF0D03cS3seUhMZF%2FlVbu%2FGJEs80DdwustvWQI2dnO%2FlF0fDXTjdxGZCiGdux0yD06YxewMO3yufQPNYzweRZkOOYNPKrLxmuEvrzB08dqoWvhFgpBFQtsZ3teOq2q%2BmAnxBnK063iBW8KCSpE8PlYJC5ROEXUeqPdsB%2B6T3UHJI3KfkgM1uJMDrsu4Y40X9s3Pyod2QCU4rA9qEITJh30T6VqaOFMKRiWNVyD6qMfXrFfPap1isdWRP0mbNIzzZH1UHMf19Nr%2F0hFDgkeB1d8eGW%2BvGgqgOvq6z5EpEI5N2xav1Mg%3D%3D&nvMid=82457346062&catId=50004654
21,22,당일도축 한우 육회 뭉티기 육사시미 양념장 무료제공 대구 명물 오드레기,15900,1699,893,561,1,백년밥상,3500,"육회용, 구이용",,150g,,https://cr.shopping.naver.com/adcr.nhn?x=skCPxvBPYwx%2FRbAYSppzif%2F%2F%2Fw%3D%3Ds6VM0Gcv%2FFqXAeFANOM1AG5vsIJXGN0DftIi0MU5KZFG%2BujfgJbNMB2WWL70VDrkeQ7nMdXE2jeXoJKG0%2BmO8LUgAn8lD2%2BxrgblrBqYwPdUckd9Ca%2FSccvvQHwZvN6rSWY7G1dZ4OGSNxlPO3wXNWQpIZmuMCgfXAu66jBebsX8S05jLlaI27Bp%2FV5Vew%2Fk0rFRN%2BLM1yJAr78kyjmQeuVavFoQZioHQNBzgV6NBWA50ZtWZ9883YRJuVleacqPW%2B10G11UzHCt8fT%2B%2Fofe0qKuKWQN4b7WstTXVRp4V%2Fd2Kx7G3krbJiQXzryuwwOqJVBXdMAjMyqeq2FiyIL%2BvbFcH8Z4cOu%2F7Vby7dlct6qXHvY%2FUzN94OzIr5wG3PfiAQsoodJ97j%2BzVgkLvIhmUAiuq7w9bfI0wadVrRRBqBNmb8bjZ7alCHNogrrRapUwTEXkK9Iwcq0j9dDTd8l7Vg0LNaUJSOsvK%2BpARfCoOy4BP6sQYvX%2ByKt4DBzpUnly1AhdVFe6t9KC%2FUy1v2DMDTApAUBeSwuNTZB9hLjYzNKcyWdLsy7vmOYeA1lzGqqgisNDQjDqHZNg3mDdUXIrSesRq6OqAU04CFxAC15PYmep7yRI57RgpI74QzeqJc%2FF0lfkYP0f%2FYoDBCaVxryKCybGhTvSBJhu1%2Bm5qSRaDWTJ08wN0alXuGHiqelOmh780HRyPBWbUFRhWScTsgQynPg%3D%3D&nvMid=82603493805&catId=50004654
22,23,[소근소근 육회]국내산 냉장 소고기 육회 300g + 육회소스2개,10900,44,,21,1,맛있는 이야기 소근소근,3300,육회용,기타,300g,,https://cr.shopping.naver.com/adcr.nhn?x=up8dHXN78D8BvEcTCbbIOf%2F%2F%2Fw%3D%3DsPfL0WsgbptgcNo%2B%2F%2B7XV5GhdjBq8fLp7xkPZlGCrPs02T%2B2I7vM1lywjaE2447yK90AIYj4FhK7MeIVtcPphw9yGaSr%2B0dRu37W7MMIB4NEaKnS7qDzT33%2Bj2nEMp8lH4jEZTST%2FGHtH6cnntuce6cjb163Yj5fJLIg8idXIiBEE8h6KBdf2FmbwXiMKqwB6y7WsjvL6fGBruqRzbSMBoQdLXoybizBOVFY0bnGAXBuUOkemBP0IHU3O9G2QBO%2B%2BcAdHcqvldTp7rVLFo0sG3iFOgT28sJCECrb49FuTCNjBz7%2BORHa%2BX777%2F5U82WuFRDpykpOqWZgZqWcBmVwRDUftS%2Bi6d7%2FoFnfB4ko66Ixos3G4KiXLTTg%2Bw%2F2Z05z4KIEPy9huh9JNuR6eleqJXoHoDZ3UIju9K%2BB2zv8QgZxwqNz52xsMcVcfH5BWYOnHa4pVL2i6dis%2FOLhZC1TbdkPsGYfyt9Hoq6uxEJzLrHEkZa4BOCfFqowelaKiA4AzCdwSCJ3Db9EUEMNKltFvOSni63rQ7U%2FfGXi6XnMO%2F2nFAiEVWyMRuA%2Flze%2Bia5Gs06y7SqQEb63FW2AyEAQZK8H5MJCLldeMmBtZPbgTeKHOD6SfWB0PG%2FpiVkGxxA0JDrnbd8GDV%2Bsoc%2FGnyn9lqQKq%2FCHnZiwOcf5o%2B9eyCxRB0CIl3BeKsFF2drF%2B%2BsFv&nvMid=83641822086&catId=50004654
23,24,미트럽 한우 암소 생고기 육회세트 1+1 (200g 2개+소스40g 2개) 캠핑용 소고기,26900,55,,36,1,미트럽,3500,육회용,"설도, 우둔",200g,,https://cr.shopping.naver.com/adcr.nhn?x=5mWNtzgb81blBAJY3WFQn%2F%2F%2F%2Fw%3D%3DsPlXVGp48cltrPlT3rqzivvMrjJsnM3TRPKImnq45Bgw2T%2B2I7vM1lywjaE2447yKi0kN7YEslt3tMAlZSEwK8dyGaSr%2B0dRu37W7MMIB4NEaKnS7qDzT33%2Bj2nEMp8lH4jEZTST%2FGHtH6cnntuce6cjb163Yj5fJLIg8idXIiBEE8h6KBdf2FmbwXiMKqwB6y7WsjvL6fGBruqRzbSMBoQdLXoybizBOVFY0bnGAXBv0xn6Tc%2B7D1oFwhW%2BkbXhOpZ67mmCtC1IuSoaS7b3p1yFOgT28sJCECrb49FuTCNjBz7%2BORHa%2BX777%2F5U82WuFRDpykpOqWZgZqWcBmVwRDYzAv%2B5GQsD9qltV1aYbSWLChmugpdl22dNAF0K43jG2KIEPy9huh9JNuR6eleqJXjkA9Udtmj%2FBqbV8pi9n68%2FqJETJE0w%2BZtMEmaXZfjmrOZFLWksXNR1hEJqRA%2Bb8xdWKaQF6pmfqHV%2FVHpWLvax9HxYJcWuCdwMyzlZSXHx%2Blc86%2BPgZ%2BJ62VN0sJrAjvtax8McOY2to%2BdcVkWaPLMrqRjPd7%2F6x7ZXqDByA7%2BfmLTppo51NS3jpvkcTcBVr6U97ZFFzwDqFilO9Ox9MIPMP7UbNjIJABWwM7q6UxJuW9z5V53wyFWdQEZCxHaP0hnnJ9aH5EYvfaVvJEOVvIqoBCHiEMTJZMucCuGVsWoJoDhLBwu%2FFQS5xWYf5w6G3jQ%3D%3D&nvMid=83576443261&catId=50004654
24,25,[소잡는구선생]국내산 당일작업 냉장 육회/육사시미 300g 뭉티기 육회물회,9700,7720,5991,1533,1,마장동시장 구복출,3000,,,,,https://cr.shopping.naver.com/adcr.nhn?x=NtMKjkbHekcYgccVSeUS9P%2F%2F%2Fw%3D%3DsNA7S1Lai9KnVsPwWQUOpW22DEocRSjeaLqk3qbpU%2F8vPtFBblJ6VYEOPxKz5bEjUBucRl2efr%2BWIHI869FTv%2Fci30QtKP1mA7BYZPpxeJLceHZ5T6o%2FKOxB%2BF2EdwDbS7zqDWY4a0rSiKMPozmlHnybR3rdxkXI61xri2pFnAYa6LNub1UGEGOMAc6p%2Faiylfdx90CtIdY7jMsoj9CXM4M2qpJUNTIl9hFyLyRI0%2Fw9W2ywJ6iyq20QERRJ8tQbq2dNzyTm8pGBYQca1YncvGF18On0%2B4OT76dMX121gsZ4Hs%2F2PHkpmvWjL2qy1nHubjJaXJn3fdRrLkzlB0n9mfiZTYqSaD%2F0cAz5OyXUB9AhdrU9gBvTOY8XVxGgpGxxducYSa2rXfu0jA3RtYGPsLK8PsmFM59AWWT0Gv%2BkHcJNzOs56DUf8Yjx7hIMxwqrlLOKoQTwq%2FH8tDI6wMKXf7rkef9wWk9n1LU8xpfMkRSR66uNc6OSIkEBaOQ06wLlBerCrwVAhgsrnbwOFVt%2Fz%2Bd%2BA0ZMifi5Qf92m95TShxTzm3%2FgviTWVNiy8fRISYBOc6LVaJZMPjADnUgIzp29EBPFEwfJkDAFjTZIX6dRKyTuCi1unHHG6jxulP8R66Jz6qdEaCIqBHeuk6P9c4BiPbPtJ0gIZBOFNhtflldbI%2FefOvDH9c3EZx85WMB2qGQ3Bq7h9PA5SrIXrcWPClBGWw%3D%3D&nvMid=82501791302&catId=50004654
25,26,"대구 뭉티기, 당일 도축 한우 육사시미 육회 최고선도 250g / 600g",41000,32,8,1,1,식탁의정석,4000,,,,,https://cr.shopping.naver.com/adcr.nhn?x=WfuBQeUag%2Fp%2F%2FOf0Szt44%2F%2F%2F%2Fw%3D%3DsAzMlWNkk1MZHvjBs0C4rLOuUvEBpScWeQq8ov%2FJRRv02T%2B2I7vM1lywjaE2447yK9Rczqx%2FFPnvAmMdWpsVul9yGaSr%2B0dRu37W7MMIB4NEaKnS7qDzT33%2Bj2nEMp8lH4jEZTST%2FGHtH6cnntuce6cjb163Yj5fJLIg8idXIiBEE8h6KBdf2FmbwXiMKqwB6y7WsjvL6fGBruqRzbSMBoQdLXoybizBOVFY0bnGAXBsNUOPrdphce20O5v%2FKfvFKB9XuIYhEC2nwVbsSWK9mNSFOgT28sJCECrb49FuTCNjBz7%2BORHa%2BX777%2F5U82WuFRDpykpOqWZgZqWcBmVwRDckQQedEwx7p4LiO3vXOqBc0UufkOP4tHUH28ZujJUnhmXDmIOOB6kamF9uF35YumO6ISLBspq0e1GxI7OYk07GxakCWBHfhoaD0CtF4xRJ0FidvVfram5b1Olp2%2BlC173qcYgYKTzXa90wuz7C%2FCIIAwESx9UfRGSP%2BoiOEx0MKW1OwrjuC7aUR151o5pqgPUgw67Tr%2FhjB8sEokzPWvonc4YyA5bjplEeyWZBkczi9E1Qbfn8FdvdJCAAZThCD3qvtUBvfoSsQPvEM6ZWUZTo5FDLO%2B0ylF7jLO1YXSE%2B0a9seS4og%2BgwTPxSpdLqtWFGY3lc1a6S%2BCRuHZX%2BwSl6FbDf4gHI5rSMJU1BWcIOg&nvMid=82272332314&catId=50004654
26,27,당일도축 한우 우둔살 육사시미 뭉티기 육회 250g 600g,19900,1453,903,127,1,바다베개,4000,육회용,우둔,250g,,https://cr.shopping.naver.com/adcr.nhn?x=%2B9vNC7MA31jh6GXKbBkIc%2F%2F%2F%2Fw%3D%3DsS6oDSckD2nyXQw%2Bw7Ze9P0AxpnfDNtcFSEBv6XS2%2BuU2T%2B2I7vM1lywjaE2447yK%2BHIrcEyNaj7IgnQBDcYPG9yGaSr%2B0dRu37W7MMIB4NEaKnS7qDzT33%2Bj2nEMp8lH4jEZTST%2FGHtH6cnntuce6cjb163Yj5fJLIg8idXIiBEE8h6KBdf2FmbwXiMKqwB6y7WsjvL6fGBruqRzbSMBoQdLXoybizBOVFY0bnGAXBsNrsMqWdlH3UrAr0x6tusiCGYDMeR30K4fwIWKb5eM7yFOgT28sJCECrb49FuTCNjBz7%2BORHa%2BX777%2F5U82WuFRDpykpOqWZgZqWcBmVwRDXw7F95fhmiJ1ZQNuX27JG%2B0ztDuj4HhVMyKMmakFLbKKIEPy9huh9JNuR6eleqJXmkEuZEyHv69yrG0DxxFaTZcSleoFxZpYEh0mGGbDRSncl36m40J4cZpkaCXQq5%2FWiqgcssEZbQpI6TFo17g6vnE9nUbMcDCc4FecW4pInrZHIAFfKKlccTuy9CjjqQTmygEAMD6tBMPnRRk9ZKz9WI7KqWLJgOjvll8hQkaKa9Sg64ApXpFcbUizTdcku%2BIF0jg%2FhUx%2FPS6Tf3Ml3OSYo2a3t6EeWOqX07eMtfA9rlTNs46m9VhuoFasMbJ%2FR9g4c2OqH9l6YII5ugOGfB4CYY%3D&nvMid=82320518766&catId=50004654
27,28,삼형제고기 한우우둔살 300g 육회고기 이유식소고기 육전용소고기,17500,929,411,75,1,삼형제고기,3500,"국거리용, 불고기용, 장조림용",우둔,300g,,https://cr.shopping.naver.com/adcr.nhn?x=gD3zfGHzAK2bsRx5DgDjav%2F%2F%2Fw%3D%3DsLuuXWQAqnmw7YyGu2Tt5mSdXMwmlBZrAt06t79JcnX%2B%2BujfgJbNMB2WWL70VDrke3EDezbgFx1Fv1w5xUN5Do0gAn8lD2%2BxrgblrBqYwPdUckd9Ca%2FSccvvQHwZvN6rSWY7G1dZ4OGSNxlPO3wXNWQpIZmuMCgfXAu66jBebsX8S05jLlaI27Bp%2FV5Vew%2Fk0rFRN%2BLM1yJAr78kyjmQeuVavFoQZioHQNBzgV6NBWA5iQyDBAQ7vBQnGz%2FFU8vG9Ls7slmiWUxilKIehUxomJquKWQN4b7WstTXVRp4V%2Fd2Kx7G3krbJiQXzryuwwOqJIwqjDQmpkZKHzLlL%2BYKCAuPTFZuZce7aNRYFhOYHenvHvY%2FUzN94OzIr5wG3PfiAktd8xRHXevwMCCKYTNp6R%2FRLgIHNDF5jci%2BVhUtbj3HAUvkcvwEo3ZDxuSX5fvZ0jcrtunz4NMyKrZv2fRjkai3EOZrCTMX0ecXAyNjhx4gbcPEO187KNf7gxYHqRdsAGMzZMh1hRC9%2Bd7aC1F54Ap2gjg5M%2FfKcRLM%2Fdie6FOw8YyayA2PdokANI9TYQH6ZBJAbhcWdEec%2Fwa3gxYRzv%2BYQsU7TtARBhTKL6TvT1FOVtuRoeab3j20wgcU3vVv86JDsWsBeTOSWo4A3ygoDV6%2BoT6AHYpYSwpB%2F0J4jWb%2FLVWGr8fvvH1mWvUgXPK6j&nvMid=80297183885&catId=50004654
28,29,당일도축 대구뭉티기 한우 생고기 육사시미 육회 250g,20800,4081,1485,571,1,관문시장 김수현,4000,육회용,우둔,250g,,https://cr.shopping.naver.com/adcr.nhn?x=jvXLPqe6H6uGGNEpX%2FNmQ%2F%2F%2F%2Fw%3D%3DsQlTcNOk588kLt2ko5ImdYHkDGJSOVixTPhPdTeNQpdxsoqKTQtz6LHzPlpXEHwF0%2F8ID%2BFx94w67LyC3BZAAB8i30QtKP1mA7BYZPpxeJLceHZ5T6o%2FKOxB%2BF2EdwDbS7zqDWY4a0rSiKMPozmlHnybR3rdxkXI61xri2pFnAYa6LNub1UGEGOMAc6p%2Faiylfdx90CtIdY7jMsoj9CXM4M2qpJUNTIl9hFyLyRI0%2Fw8ul3ODaX4KglEEUSiWMMKwhRT7%2BrkbLjffML0XIcPVJF18On0%2B4OT76dMX121gsZ4Hs%2F2PHkpmvWjL2qy1nHubUjFPgVx0AzPl5%2BOz4jsiHRdyOcxyDiTm8fnT6vuWtbtdrU9gBvTOY8XVxGgpGxxdqLCDl6A8xRbOpG7jBvltSEyRUW0K7s9PgBpk5tX%2FuopQ7hlhb3iYi773FU73S3wiT4vmDcvu4mzVHDJLNY3WhafYf10NgtxpT8D8C%2F9JRO9neV4fz3kUfUMpcgjOhpADuMhvMI89Il%2B5R4AToPBFGjxjJrIDY92iQA0j1NhAfpms4q%2BxY9mkjq0hBGMyG1oZ5hCxTtO0BEGFMovpO9PUU1EaXsVSbyzphxmU%2ByB%2BMoHSPvxxUH0UQaZb9AJKTXx9gaV0G%2FAfNlw%2FuCxDZztN2MtVYavx%2B%2B8fWZa9SBc8rqM%3D&nvMid=83582091906&catId=50004654
29,30,한우 육회 육사시미 생고기 뭉티기 당일도축,22900,872,457,339,1,땡큐파머스,3000,육회용,"우둔, 기타",300g,,https://cr.shopping.naver.com/adcr.nhn?x=5uB7K2GgQraCNyyRoImP4v%2F%2F%2Fw%3D%3DsCtn0Iu3g5jo2IDOiut0aaKMQ%2B55JtgeMWBdUKvs1SfW%2BujfgJbNMB2WWL70VDrkeXQR52aIQHzcBCCFtLRBYmEgAn8lD2%2BxrgblrBqYwPdUckd9Ca%2FSccvvQHwZvN6rSWY7G1dZ4OGSNxlPO3wXNWQpIZmuMCgfXAu66jBebsX8S05jLlaI27Bp%2FV5Vew%2Fk0rFRN%2BLM1yJAr78kyjmQeuVavFoQZioHQNBzgV6NBWA5on9AX6VQ6pVkBmmSGNl6e%2BgcGzAPr7JPp9GmVD8dJMauKWQN4b7WstTXVRp4V%2Fd2Kx7G3krbJiQXzryuwwOqJAATFfwy6O8v8Jw8gJ62%2BFyXwtgF9%2FUE3E5cgVvRI%2FfHHvY%2FUzN94OzIr5wG3PfiA5g3Qc8tFfO8jdnl%2B68hWyYw1IkwoLdAvjA8hG41cWPqS40WiySVeZEaD5f8PRVttoe21UYZ7XoHDuyeVmILkqSiNJh5gllO8c2PoyrQ8t2H0UpKx3Ms5pPFYuec%2BQypYibgnOVOt2q6gwcbC0eLs67qDjro8wTtQCY2Fmi7xx2TAwCCO2vpkokC1ja2yxsY7ijwUdpwRqcjHs5K7ke7Glc6RHg6ltlotg5iTRv4laWAW0%2FAy4Gz0rkRUFfb7W%2Fv15Hv1T%2FoDPeAT2ZD%2BWCfnsQ%3D%3D&nvMid=82954799432&catId=50004654
30,31,국내1% 투뿔나인 꽃살 안심 살치살 채끝살 꽃등심 갈비살 차돌박이 육회 양지 사태 불고기,36900,445,273,274,1,질기지않소,3500,"구이용, 국거리용, 육회용","살치살, 등심, 채끝, 안심, 부채살, 갈비, 양지, 목심, 앞다리, 설도, 사태, 우둔",300g,,https://cr.shopping.naver.com/adcr.nhn?x=fgxGIDacsC2sNJufb1%2Fwlf%2F%2F%2Fw%3D%3DspJGCzsOovAik1DQAGQ%2BvMOTfp%2BzAIzhrEh%2F2VlDeK5S%2BujfgJbNMB2WWL70VDrkewlpvPAHL3kLLAFL1m6S8IUgAn8lD2%2BxrgblrBqYwPdUckd9Ca%2FSccvvQHwZvN6rSWY7G1dZ4OGSNxlPO3wXNWQpIZmuMCgfXAu66jBebsX8S05jLlaI27Bp%2FV5Vew%2Fk0rFRN%2BLM1yJAr78kyjmQeuVavFoQZioHQNBzgV6NBWA7ZndAoS8%2BfB5qoKnyPLGDJZQwAzDZR3Nb%2BxNWUgu89CKuKWQN4b7WstTXVRp4V%2Fd2Kx7G3krbJiQXzryuwwOqJAKP5HPLiQ4UwzXgyKi6BOSYWWZhwAxV5A%2B4mp44yGQ1drU9gBvTOY8XVxGgpGxxdgBclWIPQYClntAdxf3l6BrcNsr6TJ4ApQh%2Fid8eaJfvEbZ9se8kFYvKB27sA1IzPOUzNh6kech%2BeHgEQwN5B8BeF4HAMUhzEIocmt2jfvEXsJiujJYy8uKsujsdaHT7GRr09DGpohw72RDphJiMjBFlG0zynrpBGTkRbhNm3fLkpThzjk9lrPy9lcDUy9bzOkkPn58grWWz6JPIPLq7ssXeW0%2Bn1CcjQFzq0%2BxGUAOYiI1jvw5F9QyGMQ8F9MwI0uT3LHYsTijPOJ38PlOyCugj2jwHcujj8E%2F6x6IyEeWa%2B3dfUKe%2B%2BgqkLcO%2FcrYqy5JPp7bWlFzHab7SqiyK8u2hopkeKUdu5q4dSKA0zkoA%3D&nvMid=82962766070&catId=50004654
32,33,++1등급한우 투뿔 투쁠 육회 육사시미 (+육회소스) 소고기 홍두깨,17800,1159,276,141,1,엄마네한우,2500,육회용,우둔,육회 280g 육사시미 240g,1++등급,https://cr.shopping.naver.com/adcr.nhn?x=1Hy3JJZz8jY9DRZNb32I0v%2F%2F%2Fw%3D%3Dse%2BakWUO7AhG1qZxk0OIJ%2F%2FpIImtTy5stxoPdzYhPGD%2B%2BujfgJbNMB2WWL70VDrkek1Fl6FWMqFaD7vijzzd1mUgAn8lD2%2BxrgblrBqYwPdUckd9Ca%2FSccvvQHwZvN6rSWY7G1dZ4OGSNxlPO3wXNWQpIZmuMCgfXAu66jBebsX8S05jLlaI27Bp%2FV5Vew%2Fk0rFRN%2BLM1yJAr78kyjmQeuVavFoQZioHQNBzgV6NBWA4c0Bhxh1t8JlhL2wilbpv9RoOWn%2BdWmlBkLvy6jp8KIauKWQN4b7WstTXVRp4V%2Fd2Kx7G3krbJiQXzryuwwOqJBXPZIa74dlPz9TsLa1CacP%2BhVyxGuvL%2BDaHGDldk3pzHvY%2FUzN94OzIr5wG3PfiANT9ZHjcYtgllYPdtNMVudrfIzQ5hEy2WZzD9DybzIFuof7fGtFR0%2B3EpMTasHrcn1zykmSNLo%2BbM%2ByuiLzthKT9glHZD4AdOO42B94yq%2Bc2yhDuzwtOA7vhGMfU3X29ZbIVRy9QN6hz02hJN8MjUKK4%2BTH9lAIzj4%2Fe1As9UfVyq3%2B0jNYluraqesARrmTw9FgCJJLxOV0%2Bo0w17rpuGkA%2FtRs2MgkAFbAzurpTEm5ZLW%2ByIMUdU2LwfuJ3O2a%2BhUBbMeRlHX%2BH%2BhtUgVpn9JDclyzc%2BdiKnAbbmbVuuBLEOEsHC78VBLnFZh%2FnDobeN&nvMid=81442013419&catId=50004654
33,34,육회 300g 도시락육회 직접제조마법가루소스 한우투뿔육회,19500,15,,16,1,단군마켓.,4000,육회용,"기타, 우둔",300g,,https://cr.shopping.naver.com/adcr.nhn?x=SlEJqJAXRcjpwXwqSLYz9%2F%2F%2F%2Fw%3D%3DsEp3NMPVueNJDoX9NNgDI3U23zkcheTcfAKseZbrar0a%2BujfgJbNMB2WWL70VDrkeIiBphLUDEKTVmbsDu%2BtOxkgAn8lD2%2BxrgblrBqYwPdUckd9Ca%2FSccvvQHwZvN6rSWY7G1dZ4OGSNxlPO3wXNWQpIZmuMCgfXAu66jBebsX8S05jLlaI27Bp%2FV5Vew%2Fk0rFRN%2BLM1yJAr78kyjmQeuVavFoQZioHQNBzgV6NBWA5eR4a76l5eSIdnEk5lJ%2B2j1NurLisTdoZQstp6fu9bpKuKWQN4b7WstTXVRp4V%2Fd2Kx7G3krbJiQXzryuwwOqJ5%2FtKC6C%2BsdpwJfKfvFxtR6mjEQsW0MqHfUaz8ZYUU9xdrU9gBvTOY8XVxGgpGxxdEtfs4uRREMUQWxnw%2FTQrRUb7oW7fBpwjDr9jPW4aC2%2FGFrAcNVyUUz4O349uhyD5f%2BG3Map7TlkLSN%2BE%2Fz0kifeAHGkSEjEWgMXDO71WU3PhJ0PeqT%2BWKFI96K3PvaWfIFeN4gZwm1EFfgx8dg5xlF1kAT8ofHm%2Bobuwmjsq5yAIC0RBBAzxySGE5sfZfMzigWhi7B58ecTpJMnBlbLzcjuA7d3u7vgbiF45zbh2rwR%2F61D0HrKTiS7TRae5gLg6wNmdnjpKig4qXtdnHBFA9wN%2BQsjK6V0FLd%2Fybx7qcubNSE3OzZUT76KyqzckASmm&nvMid=84172478061&catId=50004654
34,35,한우 암소 투플러스 설깃살 설도살 300g 600g 1++,18000,215,132,187,1,소문난정육점,3000,"스테이크용, 구이용, 장조림용",설도,300g,,https://cr.shopping.naver.com/adcr.nhn?x=Ok02h2c392hgWbJ9gp54BP%2F%2F%2Fw%3D%3Ds%2F7ozTEb2gB6cXyeVbLISCDIzVtSS7gwOA61fCwQO6oY2T%2B2I7vM1lywjaE2447yKxgg1mmKzYf0Fb8ZfKpa%2FrNyGaSr%2B0dRu37W7MMIB4NEaKnS7qDzT33%2Bj2nEMp8lH4jEZTST%2FGHtH6cnntuce6cjb163Yj5fJLIg8idXIiBEE8h6KBdf2FmbwXiMKqwB6y7WsjvL6fGBruqRzbSMBoQdLXoybizBOVFY0bnGAXBthKahDkMerOzRKHesbPYtXN9%2FGIK4VWlvSW2O%2BpOlYTiFOgT28sJCECrb49FuTCNjBz7%2BORHa%2BX777%2F5U82WuFRDpykpOqWZgZqWcBmVwRDTu8pBqyC1IJU1pdEwfcirIlJNEfxiZVsPB4XIC8rC7mKIEPy9huh9JNuR6eleqJXiB%2BgvFb8Y6pOsQ7jswNFmy7cL4oGhdXvjOjRZlBE6rsQ9hI2EncpuzZcZm45MTGLYUJOuGPx258NR1tsrOtwrI3eqnfU4rjFJQNKaQVjbXp8ImjPDw4N7oMJ41q1jELbeHV8fOi7rbuLqh2UHHgYjL9cNSybVdjnsPVQ5sICrFOQ2HFsDlQ5y%2FJBzWUEX3HD6ytTQ0lF1rx15g4%2BxHR2OCFdL1Aqp0hOVdhKDs4kOpJWsl5%2Bg4luaQ7gEP1gxuYzQ1QmAmnoJRdq4K9btjkCM0%3D&nvMid=82716130926&catId=50004654
35,36,육사시미 소스 뭉티기 우둔살 한우 대구,20000,3,2,9,1,율이네식탁,4000,육회용,우둔,"250,600g",,https://cr.shopping.naver.com/adcr.nhn?x=%2BL3mEF15NlaB4ltg23grRP%2F%2F%2Fw%3D%3Dsqr7zQHrJoCKeV53pDxq%2B4JsAigyYK%2BxBOg6uhEjUZEq%2BujfgJbNMB2WWL70VDrkezhqOR36NLqrfUp3gDNpNhEgAn8lD2%2BxrgblrBqYwPdUckd9Ca%2FSccvvQHwZvN6rSWY7G1dZ4OGSNxlPO3wXNWQpIZmuMCgfXAu66jBebsX8S05jLlaI27Bp%2FV5Vew%2Fk0rFRN%2BLM1yJAr78kyjmQeuVavFoQZioHQNBzgV6NBWA44MDvOqG9RZ5N02W5AzG3tRdaoTpNgCs1U%2Fg%2B9dCC556uKWQN4b7WstTXVRp4V%2Fd2Kx7G3krbJiQXzryuwwOqJNNC6jSwyVx79BcQ601HGKwM1EfZcaP3SDROSHzuVnJDHvY%2FUzN94OzIr5wG3PfiAHNNio9oFzpYMcvfCqqRWvLXnvqw%2BA7ZccrZVQfD4HyrcXmSzLkr5RL%2FOCz83RJqec1V8e4e713QeTQf7LIRaxESxFO1uteecxtKPs3%2FSR1C6J250wEEuex1R4RdGTtF3YPgHvbT8MtzJnhO07loLN4m40v9CJmgcQaClJpY9uJgP7UbNjIJABWwM7q6UxJuWvjpgrtMNXhv0UxRZurMeVZMGgf4psf%2Bb8WlpCEValXp4y7h9Zap6q%2B2ysl3fBOwHDhLBwu%2FFQS5xWYf5w6G3jQ%3D%3D&nvMid=83066649760&catId=50004654
36,37,당일도축 대구 원조 뭉티기 육사시미 한우 육회 생고기 120g 240g,13900,592,1803,687,1,돌쇠네 농산물,0,육회용,우둔,"120g, 240g",,https://cr.shopping.naver.com/adcr.nhn?x=t9iZGyZdIFrxdstqLn0Hif%2F%2F%2Fw%3D%3DskxxPmc7WegxWpERE09Ne15yQFVetNXJqaeU5jH3TJyw1sxCPBVdKiUWjRfkME5hBBhHBozAbwXIgtOdL9CRKZsi30QtKP1mA7BYZPpxeJLceHZ5T6o%2FKOxB%2BF2EdwDbS7zqDWY4a0rSiKMPozmlHnybR3rdxkXI61xri2pFnAYa6LNub1UGEGOMAc6p%2FaiylhNAWEw0JCsb7LJXBJqKWV9015zgK%2BP5r4ZCysDfiDpWYeyx8afi68y5vlotUmRyiU0SchbgTq4rhtYkDHEhje6sJF1TG8DXvuOXRWh2aiSE1QmeK3ZPITzKHcbEnR%2BI8CI5BsvOrWPcVJ2s7TAYOtmOOlJDvlBE9NcKi1Iy81eNXfqiCwBtPYYwEdSt6i2JAfYZkTdHx%2FELud9ilhJXJhwyag3g%2BmIWRuUKJ2%2Bx2J2xMqENrR7JJ9bM2TOlfIhJwT%2FJDEUYSDKpHZDRwnLkZ7vRbMkrIpG9%2BTcX%2B86RXkZYjyVm7Ocx%2FSIUjoGCU27Cd44pM5qou4Ot2zze376MzQD94E67H15cJfyGYm6U%2F4QYJBUYMFA1g065ulYiqm1I67u38qyksjf7WuNtlzBwdtOgqpLa8%2BICBcRsPSSSsRlIknqiOknc%2FQ%2BSd%2F9rCU0pQb6rPwYLYp2FFkSx%2Brf%2Fr%2BLF0cn78iHmteP7zSHfyqq8GruH08DlKshetxY8KUEZb&nvMid=83509721648&catId=50004654
37,38,초신선 당일도축 대구뭉티기 한우육회 소고기 육사시미 생고기 육회 250g 600g,25000,110,72,100,1,남도의식탁,4000,육회용,우둔,600g,,https://cr.shopping.naver.com/adcr.nhn?x=HN1LKm2lS2Ay91JuuzFFFP%2F%2F%2Fw%3D%3Ds92x1%2BPmqMNvQZLYZ3o%2Bd465rv4pAUBTDOF57KIRWh7K%2BujfgJbNMB2WWL70VDrkeyBJxPT9Tmsxn6%2BNkHxMbE0gAn8lD2%2BxrgblrBqYwPdUckd9Ca%2FSccvvQHwZvN6rSWY7G1dZ4OGSNxlPO3wXNWQpIZmuMCgfXAu66jBebsX8S05jLlaI27Bp%2FV5Vew%2Fk0rFRN%2BLM1yJAr78kyjmQeuVavFoQZioHQNBzgV6NBWA7yUvmq8N6zLE5odEPmtNfm%2FwcDuMEpaEq6H22BHdnRrquKWQN4b7WstTXVRp4V%2Fd2Kx7G3krbJiQXzryuwwOqJs6WOYCrP7V5iGfnqIh2fzSuTSd2x7LtGpCTl30XWsENdrU9gBvTOY8XVxGgpGxxdUxNqtnwtCBg0A4SD31k0jlo7h%2Fi%2F3L5GnJYfYngc2Gfj0wghmcemWinjlb92hBOteIagjfhG3BZWvnVXWmdqfjcsrWYSOYieqK83LO9NqadS4l5h4ZtBpOYtSoPXLP%2FjZ3leH895FH1DKXIIzoaQA48pCbV1CyFtkI%2BWJFz9MKUPCrLo8%2Bo7OYHNKZ8a717NdXmFJVeV7im4LHwbWo%2FGL38B0jOH7upOi%2FnehNKiH4Cr7VAb36ErED7xDOmVlGU6rppahIea3ZUeZVvVSupv86mhgk67AC2RjSdZKBqP0B4hSIIyKrOLiwhA6mQ%2Fec2ThWw3%2BIByOa0jCVNQVnCDoA%3D%3D&nvMid=82815877101&catId=50004654
38,39,목 금요일 소잡는날 한우암소 육회 육사시미,15900,740,122,81,1,백년밥상,3500,육회용,우둔,150g,,https://cr.shopping.naver.com/adcr.nhn?x=XTe1J0tsJ0ZBcpI8mNv2D%2F%2F%2F%2Fw%3D%3DsIue5x3iSz9vByogwFp8VY6wOxz4%2B9on%2FssLw4MecpgW%2BujfgJbNMB2WWL70VDrkeY9yVqefnQtt%2FhHzHS4kDNkgAn8lD2%2BxrgblrBqYwPdUckd9Ca%2FSccvvQHwZvN6rSWY7G1dZ4OGSNxlPO3wXNWQpIZmuMCgfXAu66jBebsX8S05jLlaI27Bp%2FV5Vew%2Fk0rFRN%2BLM1yJAr78kyjmQeuVavFoQZioHQNBzgV6NBWA7GR9%2Bie57FNBOIeUQ8ff4f6oWvLhE%2FLpXr2xUBaNKSyKuKWQN4b7WstTXVRp4V%2Fd2Kx7G3krbJiQXzryuwwOqJkW9jItbf11p9XbZ8BYGDWTqXxsq6lbNtoTLd7iSUhGPHvY%2FUzN94OzIr5wG3PfiAE%2F4wFbHDVKqbATANd5aXdw4OpP0XPy4eb7K1%2FWQMIF4hqVB2eHTT3OiZZ8zIOjghNp4KuOWwE6NS1tWaB80%2FRqZAJfjNJ%2BPAKzzPpFIvA1cFfG2ule4ncAiWvPyhIxY%2BBMekpHia20YAvHZee5NKm9rNGrxerGTRnUySApqHvZbzVKg8samHJ382Zx74geyFrnxnQmrrPSOJw3veRlRhKE0D4Wua10i18cIIkuqyiWPTc%2FXxW4xKcE8a476G4Erc5Hv1T%2FoDPeAT2ZD%2BWCfnsQ%3D%3D&nvMid=82265325217&catId=50004654
39,40,다함정육 국내산 한우 육회 200g 물육회 육회초밥,12900,45,,121,1,다함정육,3500,"육회용, 구이용",기타,200g,,https://cr.shopping.naver.com/adcr.nhn?x=3ifaLuO59rQYsXkipMFc2%2F%2F%2F%2Fw%3D%3DsGnoWi3A11lNothXE6yQ1fJH%2Fc62bJdnz7Iv8a50A98k2T%2B2I7vM1lywjaE2447yKeAmHQxyP1uIzjNGuHrAfJNyGaSr%2B0dRu37W7MMIB4NEaKnS7qDzT33%2Bj2nEMp8lH4jEZTST%2FGHtH6cnntuce6cjb163Yj5fJLIg8idXIiBEE8h6KBdf2FmbwXiMKqwB6y7WsjvL6fGBruqRzbSMBoQdLXoybizBOVFY0bnGAXBvudqLdIGLgf2WORV7w%2B1iIEt0rdOTwXKGPHSFGQNfUZyFOgT28sJCECrb49FuTCNjBz7%2BORHa%2BX777%2F5U82WuFRDpykpOqWZgZqWcBmVwRDTB91MaHaZpGzwIFNkljN37e4U7u0I%2BYpL6G0W07FplvKIEPy9huh9JNuR6eleqJXoiLr%2BCJr9HeK302I705H2YZYK6769iL%2B4NdDDl7BI8Uhjv%2FW418wt0GzqLcuWHDzkYB4ENBXJ%2Bzh5TJgrbCBIhuLuy2z5E4JFRiOUaGOes8jEuIuVtiPs10PFyfJscbjfO5EAt3nG%2BiQLWcZQxyf3E2MababI9WGZsjMw6B7SczkAlOKwPahCEyYd9E%2BlamjvZJUeGvX8jeMKl%2B0WPoK%2B%2BZsRy7GblOAJVMHIFULFecAv51SWMHGNKdIdaoTp34lh0cjwVm1BUYVknE7IEMpz4%3D&nvMid=83179364437&catId=50004654
40,41,한우 암소 육회 육사시미 육전용 생고기 300g 우둔살 홍두깨살 [산소포장],19500,483,331,26,1,조한우싱싱몰,3500,육회용,기타,300g,,https://cr.shopping.naver.com/adcr.nhn?x=4XFNsYzvoX7PJpcf8KNENv%2F%2F%2Fw%3D%3Dsn9e7iHPrBm1MlMBnvzYAND33aJyz46FVPG6k%2FJda9rk2T%2B2I7vM1lywjaE2447yKmmhgO3%2FdkHeEvrzVGlCiTtyGaSr%2B0dRu37W7MMIB4NEaKnS7qDzT33%2Bj2nEMp8lH4jEZTST%2FGHtH6cnntuce6cjb163Yj5fJLIg8idXIiBEE8h6KBdf2FmbwXiMKqwB6y7WsjvL6fGBruqRzbSMBoQdLXoybizBOVFY0bnGAXBsea2txOLK1tzKFMeYkXRgQA5BElyKHqAzFAnNQImiaAiFOgT28sJCECrb49FuTCNjBz7%2BORHa%2BX777%2F5U82WuFRDpykpOqWZgZqWcBmVwRDa3mJYNc9NQuyWppVG5mlQbKFJVZr3HjXC535ypbhITkmXDmIOOB6kamF9uF35YumBHd6ub7Hos0DWcnosLKFtXWVwGlh1vSLVzNx3mInn93e6yPKGOKBSTvVlSo%2B2aU5oKtzPXnQUPh7JrFEJn0%2BrqX1B4zR%2BprXgz%2FZ66qkz0S6eB4QqllEUyrT5mD%2FRKaNxSQ%2Fl2x4VuMITC1u%2Fyxivrh5w5o5EaFPYNrs1ksFQtvLRW1TDnjS8wOVD64pBqED48IpZfbODOKJDC%2BbujP5%2FhMgRMcs3KzajSOCbGpFQmoPp2C3CWCtFBcFBhrAeZefEud8MQwk0v1STSMOlDmD8thUd1oVVVwYM4L1edMxGkuHRyPBWbUFRhWScTsgQynPg%3D%3D&nvMid=82379810829&catId=50004654
41,42,국내1% 투뿔나인 육회 육사시미 생고기 대구 뭉티기 우둔살 보섭살 설깃살 꾸리살 소고기,27900,203,84,118,1,질기지않소,3500,육회용,"우둔, 앞다리, 기타",300g,,https://cr.shopping.naver.com/adcr.nhn?x=UNnoLTd8TopP8oemQgyzff%2F%2F%2Fw%3D%3Ds4S8HFnqJDWLMs0BwJL5lh8wUnpgF1CPAoCUbubs116K%2BujfgJbNMB2WWL70VDrke81uo8bdH0BqcHarVTdbEAEgAn8lD2%2BxrgblrBqYwPdUckd9Ca%2FSccvvQHwZvN6rSWY7G1dZ4OGSNxlPO3wXNWQpIZmuMCgfXAu66jBebsX8S05jLlaI27Bp%2FV5Vew%2Fk0rFRN%2BLM1yJAr78kyjmQeuVavFoQZioHQNBzgV6NBWA57raINJAfXbgDA1%2BlEYMfcn2pS8iOtHEBAxWE9TSQQgKuKWQN4b7WstTXVRp4V%2Fd2Kx7G3krbJiQXzryuwwOqJv%2FlA93DnYBizD46kaKopLcf6ubyTtYFLzACHD%2FY6tgZdrU9gBvTOY8XVxGgpGxxdgBclWIPQYClntAdxf3l6BtYh8uK3nWMHjgXn27%2F3NPPEbZ9se8kFYvKB27sA1IzPcqZ6lmseJyzLsBHiO34zgKHttVGGe16Bw7snlZiC5KkH6NKtGkyO%2BpCz%2BkP6WSsQvU1JRe44i1TgLRgKrEXsUkKbjbIw8%2BAIw0tFytVqitsbjqiKkW%2Fm8QNAAQJ9NOZxS8snuJz9VSWvYgAsJ7RATjxjJrIDY92iQA0j1NhAfpmQu6Vqh35xE6fLF%2BcSrUWo5hCxTtO0BEGFMovpO9PUU4SEn6AUVMqvXlW5c4MlPig2W2dRVpG5oR%2BFYUwD%2BAB0jWmtXu6mO9TwUOCZxGlPzstVYavx%2B%2B8fWZa9SBc8rqM%3D&nvMid=82964297013&catId=50004654
42,43,당일도축 한우 육회 육사시미 대구뭉티기 뭉텅이 고기 택배,12900,9,42,18,1,팔도명인,3500,육회용,"우둔, 앞다리",120g,,https://cr.shopping.naver.com/adcr.nhn?x=7rX6ksv0EjJEAiMLFG2biP%2F%2F%2Fw%3D%3DsAZh4INUx4K57m31vGCJmTKHSJXyZKnnaOcOIvf99ur1vxAXzF6PXeMif%2BCBZw%2F3%2F6OBCYSb5SPuSNpBhmph1zci30QtKP1mA7BYZPpxeJLceHZ5T6o%2FKOxB%2BF2EdwDbS7zqDWY4a0rSiKMPozmlHnybR3rdxkXI61xri2pFnAYa6LNub1UGEGOMAc6p%2FaiylhNAWEw0JCsb7LJXBJqKWV9015zgK%2BP5r4ZCysDfiDpX8eCY5YTGH0Vci2jeIfsdVMGXcuTJDhKJfiLKW87hKuKsJF1TG8DXvuOXRWh2aiSE1QmeK3ZPITzKHcbEnR%2BI89%2FSdrxZvw7jj4VptwfZkqv1utTpCNAFJirsn%2FU%2Bo6vtXfqiCwBtPYYwEdSt6i2JAlqfxWJnJpF5Z%2BsC2MoLy3H%2B6yqdgSP%2F2ZNWm%2B4XZEjBMqENrR7JJ9bM2TOlfIhJwjg%2FJdwf63wcd4d5PO7CC%2BAWjdAu6VvjTOhSrirCLrohKy3%2BDp7KJXbNE%2F%2BMcCmXjbcD7F8FOODTbjXvpsBscRCosg8q7Ayf9YYYyCvUYytX4rk8Dl0rudhWYJoxWlkKSmSZ9A1bDC0jeOD%2Baa0Or6401kd3%2BoWuhf0ldLsB%2Be19WElYx8SsN2Yawyed2DhYNIrJjfIMY1Xh5ilHEqBQ%2BzVaFndIwdNwuWmKtx1HNSCrUkiyUGZ3FpPHvE7X48%2Bhb&nvMid=83960179568&catId=50004654
43,44,투뿔한우 꽃등심 채끝살 갈비살 업진살 (육회120g 서비스포함),34000,21,90,30,1,소소한형제,3500,구이용,"등심, 채끝, 갈비, 양지",200g,1++등급,https://cr.shopping.naver.com/adcr.nhn?x=RenCy5b7aHxIEo22O%2FScnP%2F%2F%2Fw%3D%3Dsn5sLNbnq1a480qmz3fqgtY33Pre01KieLzsLgvqtB8m%2BujfgJbNMB2WWL70VDrket7vJjpW5Ug6F1n6dJANMsUgAn8lD2%2BxrgblrBqYwPdUckd9Ca%2FSccvvQHwZvN6rSWY7G1dZ4OGSNxlPO3wXNWQpIZmuMCgfXAu66jBebsX8S05jLlaI27Bp%2FV5Vew%2Fk0rFRN%2BLM1yJAr78kyjmQeuVavFoQZioHQNBzgV6NBWA7xRBpFx%2B1inpC9hx8LTYbwNeAubSK6vaBwNhbBGT1kv6uKWQN4b7WstTXVRp4V%2Fd2Kx7G3krbJiQXzryuwwOqJfQvmdtDLjiKse6MC0nBAtf1DWbA6vsf874wkTX7wrnvHvY%2FUzN94OzIr5wG3PfiA%2Fs%2BPj4mk%2FYG5zoBbhfRW60iwvuh5Cv5EXVeZLhDJ8IM90hb73CY08oKrAVl7NWxtUVIIayZizbJljLmrPJLczapmzXYwmFcya%2F7Pfr5QNh8j8zmMnOGOfZgEABO4pXmbIVyvvbQag1nw5B9eXr80HspyFOu%2FYwbiYuuTPQHou%2Bx6W3mlxtkhv8EvniNpM8rvpFauGW4JI6pdZ1SSY4WGyh3RNFDnfirXPopeqz2vhrZ%2FoE1GShjAdhIHjhRA%2BvUBokvlzIqE2mUQN3kYYwBYf%2FM3NFb%2Fd4pDa8%2F%2Fwwpj4uYGruH08DlKshetxY8KUEZb&nvMid=84331873377&catId=50004654
45,46,미트럽 한우 소고기 생고기 우둔 설도 설깃(육회 200g+소스40g) 캠핑 홈파티 안주,14100,96,,64,1,미트럽,3500,육회용,"설도, 우둔",200g,,https://cr.shopping.naver.com/adcr.nhn?x=xhuXB57R7AE8UVz4hnnup%2F%2F%2F%2Fw%3D%3DspKLXuSS0JWzD12Y1O3PH0fk6cJxg8Ik7DGAOr%2BtZBTs2T%2B2I7vM1lywjaE2447yKzPYrOIsrfXXovTbIo7%2BsvtyGaSr%2B0dRu37W7MMIB4NEaKnS7qDzT33%2Bj2nEMp8lH4jEZTST%2FGHtH6cnntuce6cjb163Yj5fJLIg8idXIiBEE8h6KBdf2FmbwXiMKqwB6y7WsjvL6fGBruqRzbSMBoQdLXoybizBOVFY0bnGAXBs4fkrCULoMYmpoju92crkc2nop0wOb1XIEB0qdx%2FGyJSFOgT28sJCECrb49FuTCNjBz7%2BORHa%2BX777%2F5U82WuFRDpykpOqWZgZqWcBmVwRDWI2yiDRJhhIipMAo4oa00nChmugpdl22dNAF0K43jG2KIEPy9huh9JNuR6eleqJXk1c4UooCrw%2BrZ%2Bv8d9nY6TqJETJE0w%2BZtMEmaXZfjmrTQXDu8dAqP4GV1VTHHg58e79Lu5HysPYFlwbjqvVzr0ntod0rFUAk%2FamTUJB7o0695DLcxXdvx74F4pqQP1l8nxdvSG9ncZyezo2MNOFX1coXR8esPMW3TuKsNPz3VvU7vx2RhmW8fThtgZkRl1VaxvLP7%2FifJE0P53QmdSHZBbK1ymAvAZKC1Pw5zvkvUdqjlReY4PTh8l%2BiLI3St320t9zAt3NC5xB4d7ZL9AkGptB6GPK9%2BGg91wtG2jx4ZS%2FV3OdHgSE8LoEjTx9zpNPbFaRsOtQUnaEEbxBoHxZXOc%3D&nvMid=83166153557&catId=50004654
46,47,[양념장서비스] 대구 찰딱뭉티기 당일도축 한우 생고기 육사시미 육회,14500,332,96,76,1,테이스티포유,4000,육회용,우둔,150g,,https://cr.shopping.naver.com/adcr.nhn?x=GnWwRQDaIchoL74Uwb1yVf%2F%2F%2Fw%3D%3DsGitTf1kxe7caJcPjQEe7RVJdT1NawpPvkHkaV2SzUN82T%2B2I7vM1lywjaE2447yKhIJuP8WxK7pi3M8qnk3VLNyGaSr%2B0dRu37W7MMIB4NEaKnS7qDzT33%2Bj2nEMp8lH4jEZTST%2FGHtH6cnntuce6cjb163Yj5fJLIg8idXIiBEE8h6KBdf2FmbwXiMKqwB6y7WsjvL6fGBruqRzbSMBoQdLXoybizBOVFY0bnGAXBsrbSsmBENRjRPa9C7n7lKNMnQopNBn%2BpPR3erxRxENyiFOgT28sJCECrb49FuTCNjBz7%2BORHa%2BX777%2F5U82WuFPW%2FWhsws%2BmqKZySCwtxb%2F2ZbYqmuhbKKiMjeUe%2F4FM8%2BtuloNdZKcd%2FJHNp7%2BPf2KIEPy9huh9JNuR6eleqJXkR2DMpfBdFkfx8k6VLlOIYdKX7ZK4cooo5AI43gxFRNqQWfQhshT%2Bev0s58g4w01VeNmzxGstWGZ6%2BmZzVt9qT74%2BwDVjixTquomjUAqH8lXGJj21bx%2FjXernwqwGA4SlIsPzlfHVKrZRw6R72TtpihH20lbiF5FwJU%2BNFymgk0aKfZ4Sa7vav0GRdv29GtuXYHI8kHPJbDqF7q9g2MlLNGI0BYsGQ1agHO9RGbClV2no3XGRyfjwuhLHL6Yy7ErTWHYI5yWxG8bsOV08ctoeaxdHJ%2B%2FIh5rXj%2B80h38qqvBq7h9PA5SrIXrcWPClBGWw%3D%3D&nvMid=82387094053&catId=50004654
47,48,한우 암소 육회 육사시미 400g 덩어리,20000,47,19,12,1,원데이축산,3500,,,,,https://cr.shopping.naver.com/adcr.nhn?x=EAXj86AY5c1KdznLvVbIgv%2F%2F%2Fw%3D%3DsAD1eUBihthZ3aoJmbra9UY2qDoYXNap9ZEQG9ERWOhc2T%2B2I7vM1lywjaE2447yKq2VfArtE2ochey0HFkWfidyGaSr%2B0dRu37W7MMIB4NEaKnS7qDzT33%2Bj2nEMp8lH4jEZTST%2FGHtH6cnntuce6cjb163Yj5fJLIg8idXIiBEE8h6KBdf2FmbwXiMKqwB6y7WsjvL6fGBruqRzbSMBoQdLXoybizBOVFY0bnGAXBsWdo%2BTGZgQ1c7alRGzH6UkMlGWRw0AhlNMVhzp6kk4nyFOgT28sJCECrb49FuTCNjBz7%2BORHa%2BX777%2F5U82WuFRDpykpOqWZgZqWcBmVwRDUkKIjcX9MQzVcraf8js9QMO9Ja6M8MlxwC2KlbyB0pnmXDmIOOB6kamF9uF35YumHVNvqBv8qvOQFNeuzEB36TWVwGlh1vSLVzNx3mInn93e6yPKGOKBSTvVlSo%2B2aU5sNIsUQnAizixMPh5nQt4z7HLRgPYUz1zeCHwutKJdCxTukTwfXNH%2BqM53cB8J%2FiCsGqMjK5Lbw72ME7yEw2C%2FJMgRMcs3KzajSOCbGpFQmoaOqZ%2BF7XoSzX0yvdnL1ACObOieYhneVLrCSlJ%2BdiDTHTP0pnXdmBhrox2u%2FZkxeaHRyPBWbUFRhWScTsgQynPg%3D%3D&nvMid=82069936775&catId=50004654
49,50,대정 꽃등심 살치살 안심 생 로스 육회 불고기 스테이크 국거리 1++등급 300g,45500,580,34,12,1,대정한우-집으로,3000,구이용,등심,300g,,https://cr.shopping.naver.com/adcr.nhn?x=goHx9EQPKDedpuPuhcj%2FEf%2F%2F%2Fw%3D%3DsvHuwNFPQaiVJmdriEI3m35L%2BifK86EgLHvO%2BlPUYML2k5X2JRgAMpXMWke7HgHVjWuklU3ulL1yK22D%2BLB4DHsi30QtKP1mA7BYZPpxeJLceHZ5T6o%2FKOxB%2BF2EdwDbS7zqDWY4a0rSiKMPozmlHnybR3rdxkXI61xri2pFnAYa6LNub1UGEGOMAc6p%2FaiylhNAWEw0JCsb7LJXBJqKWV9015zgK%2BP5r4ZCysDfiDpWa6TwFJh6C2OHh%2BoAc9eHbU0SchbgTq4rhtYkDHEhje6sJF1TG8DXvuOXRWh2aiSE1QmeK3ZPITzKHcbEnR%2BI8etPfft5WlzghXRSnY45TCERo3JbvUU8pFkRjsszrtQFXfqiCwBtPYYwEdSt6i2JAqbLEwEaWIXpBW7FvJ44gzvZd0r84QgmBkzhBwZ6onzfVWriXbVAXEFKEYzwLMhLE1trYygGIQWHTKjn8ef1CSCmiKSC3LSPt%2BFZNtEqNQ2PHq5LKTpL%2BxCKpvf69Z%2F7HGTOsD2kdmk%2F5lXKlBa5d%2BwxioiD%2BMW8%2Fr86FhroKwn0wpSg6GXXB3FFBp5Htv%2ByJ3%2B1WpPKnxma7xcMPIahaZ9yqczN5tuLpoKEnVv%2F6HeCfwqe9N9bxE2c278POK9EvhmE5WBX%2FjwGE8BqKRV8Q3xvFFUlc8vylip3rP%2FqzIvFofRzbV9LZw93fIA2KYuZ8Bq7h9PA5SrIXrcWPClBGWw%3D%3D&nvMid=82522088114&catId=50004654
50,51,파파스컷 바로 썬 한우육회 육사시미 육회용 소고기 250g,17500,116,188,24,1,파파스컷,3500,육회용,,250g,,https://cr.shopping.naver.com/adcr.nhn?x=4%2Fs4%2B0ISjfxnUaKMjtJ1sP%2F%2F%2Fw%3D%3Ds%2FV%2FBrEspna2x502h1M7WSJUoOrtVzRVnZA%2FXFULcB1TLYgqJIWtm04rgvWnJ6%2FHsSvu5y0m3ncHDIPEor3blmMi30QtKP1mA7BYZPpxeJLceHZ5T6o%2FKOxB%2BF2EdwDbS7zqDWY4a0rSiKMPozmlHnybR3rdxkXI61xri2pFnAYa6LNub1UGEGOMAc6p%2FaiylhNAWEw0JCsb7LJXBJqKWV9015zgK%2BP5r4ZCysDfiDpXxu2HcyQ1%2B209Whq0RcxpcU0SchbgTq4rhtYkDHEhje6sJF1TG8DXvuOXRWh2aiSE1QmeK3ZPITzKHcbEnR%2BI8l3XhgHsRPIDXrkpkp0U1SS3anAzPK%2FSXxqV6YgfobaBXfqiCwBtPYYwEdSt6i2JAL6ndsJM%2FP4zVEGN6mtOVo0gVzWHjQGXugEGeN%2BPg0veevtwgNEGjPmEjTMAt93zWwk1LNoVN2QlamxowbI00SzSNo%2B42DrCP1Sq0Ph2qruN2m5GyCBV8tJ3hxpn%2F5w1aMCpk9FWvDhSIs2apzYgtO3eW0%2Bn1CcjQFzq0%2BxGUAOYJNWDBz9NIZhlPsDZMn0i8uT3LHYsTijPOJ38PlOyCukBy0LZSKaRp%2BTGbR42wBBjhIQrgXF9gJ5ax%2FRXZcGiCzL1GqI6qVvJXh8QjEylkWWhopkeKUdu5q4dSKA0zkoA%3D&nvMid=82969101080&catId=50004654
51,52,당일도축 대구뭉티기 한우육회 육사시미 생고기 소고기 육회,19500,115,273,79,1,새벽장터,3000,육회용,우둔,300g,,https://cr.shopping.naver.com/adcr.nhn?x=e0pEnJ6toePyTA6NTrZIef%2F%2F%2Fw%3D%3DsF1DaSioubLDOCPHpaIIf8V4aRkbAhY25UrJ3%2FyXeIiFD3k%2FQ2fAkwBwpp5Gv6FctuJhofWbyPlfNU2lIoMPmbMi30QtKP1mA7BYZPpxeJLceHZ5T6o%2FKOxB%2BF2EdwDbS7zqDWY4a0rSiKMPozmlHnybR3rdxkXI61xri2pFnAYa6LNub1UGEGOMAc6p%2FaiylhNAWEw0JCsb7LJXBJqKWV9015zgK%2BP5r4ZCysDfiDpWy9pldhjBeLFdEvsSTW3i92c2jhV2QG7qnkVzyezkU%2BKsJF1TG8DXvuOXRWh2aiSE1QmeK3ZPITzKHcbEnR%2BI80xsE5tylVO%2BAZhJBl25DMyV%2BrlO2SHqZifUYr%2Bl%2B8G7KRyvq%2BfDUs63OSxYfmA1Xt0G7l9oh0%2FWFPJ6%2FBZV%2FTmbaUtR3J78yrvKwg5MIn06Fiy51CL1lTNFnVKZivWFvJOn%2BSdvlQkIxB7yAFGdKy9RoRB7HDGRHOK47byXFCjbxRat%2FV069PBHDZBhj%2Bz4kpXGRO2%2Ftozb63nHINoXR0l1kAT8ofHm%2Bobuwmjsq5yBy%2BTuUSG18FkT1VOQ92%2FB0xdrvf6IWSKQ6A6%2BH45WGlpsozooe%2FihNb5zyRVxzeqGEfGvnudeYdGGBAVVIPiN62qj9GiKhw7SXjk9sGSWq6gN%2BQsjK6V0FLd%2Fybx7qcubNSE3OzZUT76KyqzckASmm&nvMid=83805312682&catId=50004654
52,53,한우 등심 안심 채끝 갈비살 차돌박이 양지 국거리 육회 육사시미 불고기 장조림 소고기,28900,866,101,30,1,조은장터 정읍산외한우마을,0,"구이용, 불고기용, 육회용",등심,200g,,https://cr.shopping.naver.com/adcr.nhn?x=IA%2B6bnHdWdIC0QyMnoXwmf%2F%2F%2Fw%3D%3DsdZ0wlI1%2Fo4kT8ZylETLiz8E8DKOi9zQfZZJhimtyOOq%2BujfgJbNMB2WWL70VDrkek6wX9M10BGtJcT9Qesf4dUgAn8lD2%2BxrgblrBqYwPdUckd9Ca%2FSccvvQHwZvN6rSWY7G1dZ4OGSNxlPO3wXNWQpIZmuMCgfXAu66jBebsX8S05jLlaI27Bp%2FV5Vew%2Fk0rFRN%2BLM1yJAr78kyjmQeuVavFoQZioHQNBzgV6NBWA6hiVYcweWoTo4WucjLq2mNnyYIdpdgd5xvCrii7DHnoauKWQN4b7WstTXVRp4V%2Fd2Kx7G3krbJiQXzryuwwOqJ4RiTZooBKA4SPOjSq7WZzXtjZY9AmL%2BFJX9s1PeVWsXHvY%2FUzN94OzIr5wG3PfiAJwBn8sFV91SlgeWxCc2XTDaA2fhOz7gZeiFA6xlq0Myw9M56WaG55Q1sd%2BWVKGPW0obH0xsO7m5IGkkdG%2BB6dliOWWRx%2FnQeEAwJvSCtFrLUU%2Fu%2BlEppx%2BYePOgrODEf3X006QANSDGOjBO2fy1rIrnnMOlWRXtS3EFIaCaiyJ9lUxj%2BGPML2IpELg0Q3I8irg7DOx5N%2FmYQXWoKA25SqqnSEkwzFVIJiTBxuhMou0e0DOk02f5RGBeLaS9Xjy4dPVzPTrxslHIPszD%2FVYe%2B%2FuEjzYbqN9YEIzWeH0knieRFvNEr1wPmQsR3AZqofbtCY7xfdC%2Ba6XiPG%2FpPVn0s4A4SwcLvxUEucVmH%2BcOht40%3D&nvMid=82261112300&catId=50004654
53,54,[Live]2등급 육회 200g + 소스증정,19200,95,,66,1,e경남MALL,0,,,,,https://cr.shopping.naver.com/adcr.nhn?x=%2Fvus%2FXsvkZvzyQwBFRQngf%2F%2F%2Fw%3D%3DswRuZ2jDR4UQBRFlw2ycqZmx8i77%2Fc355blso1WuWIFC%2BujfgJbNMB2WWL70VDrkealxo0QB5XhYfOfcedL1aUUgAn8lD2%2BxrgblrBqYwPdUckd9Ca%2FSccvvQHwZvN6rSWY7G1dZ4OGSNxlPO3wXNWQpIZmuMCgfXAu66jBebsX8S05jLlaI27Bp%2FV5Vew%2Fk0rFRN%2BLM1yJAr78kyjmQeuVavFoQZioHQNBzgV6NBWA6KlwzswqWx1rH78PFLPDrbw1eq4nSLxxkk%2BHQx%2BnyOi6uKWQN4b7WstTXVRp4V%2Fd2Kx7G3krbJiQXzryuwwOqJ9crRNRHF3FLVdeY0%2FU9Vev1q0XWYJBw76JUxeBs%2BrvpdrU9gBvTOY8XVxGgpGxxdiGL3WPWg5zRlldZud3cIBtWM%2Bd3YZAYNFcypbbtZAPZ4GqvLsVxc5sXMbnomqRsIsusd8nJT4ntf84v9khja2GwFg2nJMVDRj9o6AiDJsTUoBADA%2BrQTD50UZPWSs%2FVi4FnGQVVKxtRACE4nP8Ki4oOuAKV6RXG1Is03XJLviBfjVQXh5lvbj4F1hGBkpQqgh3lBAdsJgBH24JcDz8lDPPENwh0XeaCiDGg3h67YbyHNjqh%2FZemCCOboDhnweAmG&nvMid=84389706952&catId=50004654
55,56,한우육회 무침 600G 등급무관,35000,252,17,3,1,표고한우,4000,,,,,https://cr.shopping.naver.com/adcr.nhn?x=4a%2FyZQOjI3b%2Fd2YMQz%2FRbv%2F%2F%2Fw%3D%3DssthCHH9P3nDJF7FhFFBjtOtP6pqFaMVcZDjxNmPUMhO%2BujfgJbNMB2WWL70VDrkeXf2xNgVdTORWC0s%2BsdqH8EgAn8lD2%2BxrgblrBqYwPdUckd9Ca%2FSccvvQHwZvN6rSWY7G1dZ4OGSNxlPO3wXNWQpIZmuMCgfXAu66jBebsX8S05jLlaI27Bp%2FV5Vew%2Fk0rFRN%2BLM1yJAr78kyjmQeuVavFoQZioHQNBzgV6NBWA6yEctAS5tREkUhjs3D4YszuePYKB6gEwZEVunA8FDWfauKWQN4b7WstTXVRp4V%2Fd2Kx7G3krbJiQXzryuwwOqJyfPiSqtQYUyO7GCg3EcGWQmXFa42V1dr%2B7vbF%2F0IOdjHvY%2FUzN94OzIr5wG3PfiApkq5jae8qcAHtg%2BivZsh4EKJ2VZDQfh%2Be%2BtZQZCSPsloVq1GfNaulr%2B0wS9Ilf2n0ORveCIiClaq%2F4ruoliltuawJWDmB0Fw1DPgxRIxiIpExn0q6BL3p4WLDf6ywaCPfRsW%2BOyVBjRJ%2BmPaleeveQ%2FtRs2MgkAFbAzurpTEm5YFz1ZdW1pRIuLWC1RWMllsSCrZjXWscOywxFkldci0ncvE7s9e7Rgy7hulDk%2B0AjMOEsHC78VBLnFZh%2FnDobeN&nvMid=81190512521&catId=50004654
56,57,한우 암소 육회 육사시미 육전용 생고기 300g 우둔살 홍두깨살 [산지직송],19500,483,331,92,1,세종시 조상구,3500,육회용,기타,300g,,https://cr.shopping.naver.com/adcr.nhn?x=NqKAQxPr39TNjqQlLFBfcP%2F%2F%2Fw%3D%3DsWXegfoD%2Fnncp1UVGKoCO8vq9egoRTQqpuxuqcswLVHe%2BujfgJbNMB2WWL70VDrkerLCs%2F7JXvsJgTzPARx8EYEgAn8lD2%2BxrgblrBqYwPdUckd9Ca%2FSccvvQHwZvN6rSWY7G1dZ4OGSNxlPO3wXNWQpIZmuMCgfXAu66jBebsX8S05jLlaI27Bp%2FV5Vew%2Fk0R2%2B01NoQdRT7PuNJ%2FyDge42ZI8ThWolmqfw9ykCu3a3tOFWMLQAw8OlAJG%2BaghRNNL8wC%2FZbrL9UjW%2FGFBXJhoJFc0Uf%2BSGT%2BYme1K%2F%2BeSkQhkkHXK4%2FmSRy5icYE%2F27ZC%2BSXUxwyLUckntucAABtemXU9ZX2PgbbAywBusKzV%2FKFJVZr3HjXC535ypbhITkmXDmIOOB6kamF9uF35YumA0mVO4uwhTQd3GNUPqXy9nWVwGlh1vSLVzNx3mInn93e6yPKGOKBSTvVlSo%2B2aU5oKtzPXnQUPh7JrFEJn0%2BrqX1B4zR%2BprXgz%2FZ66qkz0S6eB4QqllEUyrT5mD%2FRKaNxSQ%2Fl2x4VuMITC1u%2Fyxivo7pntrxW%2FuPQWpYmEW2abAzi%2Fo0Y57GfCY7Rc5rZi1v5PjnYyvzs3dFhYsnwVcpdlMgRMcs3KzajSOCbGpFQmo0Dv7bajj3Mf9q5CT%2FTu26rVMRbBk12oR0PdMlQ6UYlZhUd1oVVVwYM4L1edMxGkuHRyPBWbUFRhWScTsgQynPg%3D%3D&nvMid=82427348268&catId=50004654
60,61,[마장동 온우]1++ 투뿔 마장동 한우 육회,20900,46,43,30,1,마장동시장 나현,3000,육회용,기타,300~500g,,https://cr.shopping.naver.com/adcr.nhn?x=3Xtj%2B8EpEp9v8yMgtSVrFf%2F%2F%2Fw%3D%3Ds0ISC41M66WQovmYv2iGnJ3LyTP530mVrn0DrJ9WMaSY2T%2B2I7vM1lywjaE2447yKxmtGBX47MchOPE1KG%2BKa%2BtyGaSr%2B0dRu37W7MMIB4NEaKnS7qDzT33%2Bj2nEMp8lH4jEZTST%2FGHtH6cnntuce6cjb163Yj5fJLIg8idXIiBEE8h6KBdf2FmbwXiMKqwB6jvdxTOdl%2BW8h3PetdP%2FDt7rkDLpImMNOj7Pjv27q980HzwxMNRaVjIDTesEzEdEPKyvFxus9CCvHHL5wzQKoVd4an%2FzTqhVRN5HiEzJvDPKk6v2w9jBqMGR4TTsgYaQnlII%2ByYYqWVu3SSXxcjEJdEyVCYqot4pdHt5SljuNKkp9guHRkm%2B4ajge6M%2B5u%2FJOAbWnbEXzrP9nTOtX6d%2FrCFNrb283P65oKVGpbEX2E%2F%2FRBkKHdmgeBtXz9QaXffcq7%2BM3xNZAoAkfjnF3joqi4Yigy0E1uXqmbgXwdl6PLXvAXsLV0%2FbBmxhAh0KPjNkhywAMc0%2BxneertO1jGP7rHMDXqXVyrzjkIrg8pob9gyN8wHHRy3%2FEdW0%2F6it%2F4a3IBz7DBq7LL2BGyS%2BcuW9Fh2M7xPYq4ISeDpdTVXPj1vPQT%2B36IyfkTlZx1hPYhdTaxyAhEKTy%2B0Zvtn8oYxIR0Q%3D%3D&nvMid=83101839185&catId=50004654
64,65,(주)성진한우 대구 생고기 뭉티기 뭉텅이 육사시미 우둔살 육회 고기 육회용고기 오드레기,12960,82,60,20,1,성진한우.성진고기마트,3500,육회용,"우둔, 기타",200g,,https://cr.shopping.naver.com/adcr.nhn?x=OBHUgAzoVONs3r9v2Mj5lv%2F%2F%2Fw%3D%3Ds%2B4WoJAAxtQznEnx%2FmDRZiK7jYm6M1kesEoIwcFRuJMC%2BujfgJbNMB2WWL70VDrke%2FlUYwclEfmaKyfGc94dq0UgAn8lD2%2BxrgblrBqYwPdUckd9Ca%2FSccvvQHwZvN6rSWY7G1dZ4OGSNxlPO3wXNWQpIZmuMCgfXAu66jBebsX8S05jLlaI27Bp%2FV5Vew%2Fk0rFRN%2BLM1yJAr78kyjmQeuVavFoQZioHQNBzgV6NBWA4ieXU4VtWtDEXKlllfhP%2FCz1jKdbbJKftSPreZug3Jy6uKWQN4b7WstTXVRp4V%2Fd2Kx7G3krbJiQXzryuwwOqJvpSgE0vYu0KBPjCsff2yI2ePHaYqVh6IwPCvcJrcGBpdrU9gBvTOY8XVxGgpGxxdvgBrEgvP2HU1mqNDw5Y5sl3v6jfJKRlPv1RIbheMk2nYtcwMmBLjKycy49TYwVUgZGHiOw2D73HuE8XDfyhU1NtAWuXQ9vp1FqI8ApVDNHgQ%2F%2B1E1E9hK17T4eDpVlR3NlbSLKrTb04aIov2MONNFHW35o66KBPq0mRUxGHRPpr24UY48uu1Rd87LyiVDTVUp6bX%2BSXpeGaW8qcHSvn3pCgEAMD6tBMPnRRk9ZKz9WLUbRQEx5YZG%2FaxbIXnsktI1GEBRkEr7XzJA8fK6fSvKnAH%2BDFccZXDZ%2B%2B43pxdCmoGAT%2BXITFny6Jaf%2BML0RlKYWKfcDljNB6AXV7gtPdO%2FmhopkeKUdu5q4dSKA0zkoA%3D&nvMid=83149373336&catId=50004654
65,66,국가대표돼지 횡성 한우1+등급 육회 육사시미 250g,15900,170,80,14,1,국가대표돼지,3500,육회용,기타,250g,,https://cr.shopping.naver.com/adcr.nhn?x=Gd2H%2BMKmDuTclXnqdJbZbf%2F%2F%2Fw%3D%3DsOCA9CFLTrXe72LtYs%2BiAvNd%2B8J88ZEnQ1C9ewLL7VvJSne4PBSgJYzi7Qu4rncBfGIAYkgn7TNfxcprgd9TpX0Pg%2F6PYJW9LpCSumzPJoijqwaShusc4uN1D0982lqsA7YaW8yv65OH5kXhlZ%2B4fcpQHqRpI2eVjush9YDd%2FFzFxb4MuBfuAug5wtMsLdOMxyaxxRm4H8HcYDi0B3B3iQmfQT7uWwvxdz8nMvhXCKF01XfC1VjNVhvcTmp5rz%2FMy0n%2BE7e9dXC9gkxgGEaFQQkPg%2F6PYJW9LpCSumzPJoigK7CtQzZWLlur1%2FFge4%2BEpKIrVz68X5b%2BkswY%2Fp0HP80Z2gsrY9rdXAmnE2bp5VDiveGXV1210MQijqVgA1loD50IJn9fqlAdDLSRRpeJ5Nj6FURihOvVNK6%2BarovFEXamszVkarjmhGGBjbrtZpggLI9hTGiGQ0HCUMOPLzeIJ6D8VZFX7Qr2flHy5lTTQ%2Bj%2F%2BrBNWZHKsAXIkeYVfGyxf9ISLobzOoqwN5FTiIzjorKi7VZTZPy0N33Sw2SHlBkA4rnVKr46S78RylOhLAFShpnxYkL%2F%2BcLJJbBWR46xI7sTSY8pmJ7AJ6W6VhsDY4iLU88X62TRnM2nZSDHzgs5V3OdHgSE8LoEjTx9zpNPbFaRsOtQUnaEEbxBoHxZXOc%3D&nvMid=82794029753&catId=50004654
67,68,뭉티기 육사시미 한우 대구 뭉태기 250g 600g 육회고기 육회용 거세소 장흥 마장동,14900,77,69,38,1,싼재네마켓,4000,육회용,우둔,250g,,https://cr.shopping.naver.com/adcr.nhn?x=ZdVXoTKw9z%2FY3o5pwjhn%2Bf%2F%2F%2Fw%3D%3Dsg%2BD4%2Fno6r1%2FhBPZt3DOLz6nQGIbwREnZ%2F5Vb%2B4yzG7o2T%2B2I7vM1lywjaE2447yK0Vpng2kl0ICCjOA1g%2F3rpdyGaSr%2B0dRu37W7MMIB4NEaKnS7qDzT33%2Bj2nEMp8lH4jEZTST%2FGHtH6cnntuce6cjb163Yj5fJLIg8idXIiBEE8h6KBdf2FmbwXiMKqwB6y7WsjvL6fGBruqRzbSMBoQdLXoybizBOVFY0bnGAXBtLsqs%2FeWUpKjRD1Zac%2B9h23xAhWtgvKpqS9jJi7pCbYiFOgT28sJCECrb49FuTCNjBz7%2BORHa%2BX777%2F5U82WuFRDpykpOqWZgZqWcBmVwRDRrcDnE%2FRWZA4pEyZZRarI1CmC9bQkVZMXKS3Wh4CNQWmXDmIOOB6kamF9uF35YumBjTs%2BB9N3pZUUKySFll2I%2FuOed656sFwhd6WuzLEEBGYnrTiC8NwhxRjDR2igH2nwgqRgje59mXfTnCKfS9DF%2FJ%2BwnZqOAQTFR%2Fv4TJE40jE3E327jQwik9jFwtsx5hRWC1An00XDuTw9Ue%2BUjXAZt3q2Rv9K8UGkmo3peWJIce%2FARnzcKWmL%2FdwJQVKEBPSoStHTa4NnODrmsRilGxhVnNw7XgLXBplVWu0t%2FX71hFlLRynxY23%2FiKBtURDiICIoNZMTlEuiJAkIE2uSYlYRIurZgXWFTGiczNlsK9%2B79RVoWd0jB03C5aYq3HUc1IKtSSLJQZncWk8e8Ttfjz6Fs%3D&nvMid=82849496213&catId=50004654
73,74,한우육회 무침 600G 등급무관,35000,252,17,13,1,전남장흥 김재철,4000,,,,,https://cr.shopping.naver.com/adcr.nhn?x=YX7KR%2F3ACt8lcl7vadjdbf%2F%2F%2Fw%3D%3DsKeDex48FZoY3j8p69gWUjwF3gdju2MVsgyvS%2BmZ5Mhe%2BujfgJbNMB2WWL70VDrkeHnHLrszzEBz7qsmIPyXLo0gAn8lD2%2BxrgblrBqYwPdUckd9Ca%2FSccvvQHwZvN6rSWY7G1dZ4OGSNxlPO3wXNWQpIZmuMCgfXAu66jBebsX8S05jLlaI27Bp%2FV5Vew%2Fk0R2%2B01NoQdRT7PuNJ%2FyDge42ZI8ThWolmqfw9ykCu3a1bKIV0nTcG9DvMpeXqFfSscFKF6%2FDK3%2BD4zXp3BhfEaIJFc0Uf%2BSGT%2BYme1K%2F%2BeSkQhkkHXK4%2FmSRy5icYE%2F27ZC%2BSXUxwyLUckntucAABtTj5GZk1eH1nvH5HzaBjTRM09vFFYJWPupbatwxbth1OVxYF%2BidgRzpKePdoQo6M3N%2BFkpHOiASOnygrdoxLBW3WVwGlh1vSLVzNx3mInn93Vr%2B1e31Fd6n3hzsZKbb5NXKEOXt0twzP7%2FPrPZjDM813ltPp9QnI0Bc6tPsRlADm3XuUna193Sqr%2FveEQT6Y77k9yx2LE4ozzid%2FD5TsgrrVtYuE%2FT1xUxHhqLIzO1PUOYz6tqBAniB6XVVU1SXHvCFQYdOwADq3XNg3OXn9%2BPRoaKZHilHbuauHUigNM5KA&nvMid=81222881072&catId=50004654
74,75,마담이네프리미엄 한우암소 1++ 육회(300g),18000,292,137,20,1,마담이네,4000,,,,,https://cr.shopping.naver.com/adcr.nhn?x=AEIRAXJD5Ih3yVrcPefpSv%2F%2F%2Fw%3D%3DsIcxrJL9DqfPhVyUXx44gKjichOUPIUyZATn%2FFEElOqs2T%2B2I7vM1lywjaE2447yKbzcL2PJY6BHOI%2FQKEYnPCdyGaSr%2B0dRu37W7MMIB4NEaKnS7qDzT33%2Bj2nEMp8lH4jEZTST%2FGHtH6cnntuce6cjb163Yj5fJLIg8idXIiBEE8h6KBdf2FmbwXiMKqwB6y7WsjvL6fGBruqRzbSMBoQdLXoybizBOVFY0bnGAXBv6ImvwLPsCox3PuoSSNzBymWmnKPrbn9M4YpBL1rQ4eCFOgT28sJCECrb49FuTCNjBz7%2BORHa%2BX777%2F5U82WuFRDpykpOqWZgZqWcBmVwRDQpL5sAAQ0do4HEQ2xYAPyTieaUkujGahFSdY9mGXRfZKIEPy9huh9JNuR6eleqJXju%2FqTFQ0Qf8xs3wllAyi0aJc8H%2F27OK1tROPl3eHuVX9LJFB675dxnIReDhLH7C3AfxzXQHHrsIfelNyWaYViL61CJvQibvQ3fgjtvEhsmuW%2FAG6uqpTcftg8YjTb1Z3JSBeAR9V0o0oc50xScul50XNye9k3akbXZcS5H%2FclHeo07ceHXE2r7YGGJ%2FoU169L8n0ZukIOeoxWiU%2BIND7vOtSKzJdOeHsYXunrtGWoDnxyAhEKTy%2B0Zvtn8oYxIR0Q%3D%3D&nvMid=82458127010&catId=50004654
76,77,1등급이상 한우 육회 육사시미 우둔 200g 소포장,16900,210,10,18,1,조은장터 정읍산외한우마을,3000,육회용,우둔,200g,,https://cr.shopping.naver.com/adcr.nhn?x=FAsYfBl%2BYT6SPJJXCUW%2FP%2F%2F%2F%2Fw%3D%3DsnHpaSle6V8u406zfJGyTGpC59oF77p0az7Dg9D%2BRDCK%2BujfgJbNMB2WWL70VDrkeh49bEe8tFmOiWfdkyQCa5kgAn8lD2%2BxrgblrBqYwPdUckd9Ca%2FSccvvQHwZvN6rSWY7G1dZ4OGSNxlPO3wXNWQpIZmuMCgfXAu66jBebsX8S05jLlaI27Bp%2FV5Vew%2Fk0rFRN%2BLM1yJAr78kyjmQeuVavFoQZioHQNBzgV6NBWA6myCcUZiNwOYtQavI773M0IswXelGMH7ql6Yll24VpJvziKuqi6lvlwe2gIVAf2UAlXTdy6Sn%2F2yromYu89VyUMMbzeFwlCm0bLr6ydYEwWanmvB5KVtpLucodB%2Bc7bpt%2FlLnJwMa7Bt8R2%2FUDqQrCEqfXhSNEqS7EG7IhXDMDQUZ6R5wBw%2BbUiVpUHZkI4kPN9tQbR746lQ1IK83x96K1MaqO4HMkdnFlDjXyAoJyIBPEBXz81mE5%2BK07iOr3Fx%2BeQwLASk%2FSqbEByUhEBpieJaMAnx8d%2Br5eXQeDsiFx8SWfesoYRZnu9%2B3jJdMVF%2BzmMA33uS1Z9Fwytrbd525EoRla1zfp3VdEMJ2Eop%2FBqB%2Bw45bQmnWbiJDSB7xs8%2BrAtLNO8XY0RwLfYzp09vT1V3OdHgSE8LoEjTx9zpNPbFaRsOtQUnaEEbxBoHxZXOc%3D&nvMid=13432716614&catId=50004654
78,79,대구 뭉티기 생고기 육사시미 당일도축 한우육회 소고기육회 한우우둔살 150g 300g,14980,268,40,14,1,스위트쿡,4000,육회용,우둔,150g,,https://cr.shopping.naver.com/adcr.nhn?x=27NHxp0uA6hwAx0RNBCnEf%2F%2F%2Fw%3D%3Ds2CjxJ1ooce3RzX3uX9Vta4L2HQY7UNJlge%2B9UmSMEJK%2BujfgJbNMB2WWL70VDrke3qm8KzSrixD1GPleBiaHbEgAn8lD2%2BxrgblrBqYwPdUckd9Ca%2FSccvvQHwZvN6rSWY7G1dZ4OGSNxlPO3wXNWQpIZmuMCgfXAu66jBebsX8S05jLlaI27Bp%2FV5Vew%2Fk0rFRN%2BLM1yJAr78kyjmQeuVavFoQZioHQNBzgV6NBWA4UsqnFpNufpVM75GADSPN8udtLc1c2etSLJbrEDy4EWquKWQN4b7WstTXVRp4V%2Fd2Kx7G3krbJiQXzryuwwOqJIdxFgtEmTcFxDp03QPP2f9CMzNHrrjStR0RyKBj1FXZdrU9gBvTOY8XVxGgpGxxdUrccEpMyX8X40VrkrpE%2BXqspPxeXDMoQKua2tNKxvkfdAkoLNBGXDTOnlVfUHGtzqq366Z%2FPcO6GGDvniKRcWCTCr1sqVhpPCE7rl79ulHmlq7Ivd9q0Uv9v0JlFPqLmefLVPj9H8byzyuMZZ03HV5kJZMpNVK%2FEgd1XfPMaPo7bun476q1qBOzk2iCpSwvxoaBidGxMHFuiOFJ3YFkhQa2NJuiXx4dVzMPiZVKaR5Cy%2B%2BHOXp8URJ2Emt5rVaYb7s5qyM6D4WPfGFHVeklhcXVmGNwY4GYZtm0KC7s%2FT7Gh5ZCI01BRLDfWHB13ItZjV3OdHgSE8LoEjTx9zpNPbFaRsOtQUnaEEbxBoHxZXOc%3D&nvMid=82622353824&catId=50004654
80,81,소백산 한우 10종 1+등급 이상 한우 꽃등심 갈비살 삼각살 살치살 육회 국거리 소고기,19700,45,46,22,1,승혜축산,4000,"구이용, 스테이크용, 국거리용",기타,300g,,https://cr.shopping.naver.com/adcr.nhn?x=kvn5pjck0tJqojLyt0Ikrf%2F%2F%2Fw%3D%3DskLcyzSqWYOHIa4b%2BFo5xi3%2B2wpadfz%2FHQ%2FNrwT9rKB02T%2B2I7vM1lywjaE2447yKAOD7UWfAZ8XOALyS9eGwy9yGaSr%2B0dRu37W7MMIB4NEaKnS7qDzT33%2Bj2nEMp8lH12MfoByEVIL8ZK1KbamffUg8TaDtN6tgOxgWjMS7RrXR%2BWj6NVLAZzX8DAsIok2ky7WsjvL6fGBruqRzbSMBoQdLXoybizBOVFY0bnGAXBuMjW3nz1MPI66Uh%2FGzIHaIBkvVdVHzkYO%2FR692VuQsXiFOgT28sJCECrb49FuTCNjBz7%2BORHa%2BX777%2F5U82WuFRDpykpOqWZgZqWcBmVwRDZeKnFS%2F2wovyaCh%2FRHN%2B96ehqZrkCdtuWMdHwzLpk8FKIEPy9huh9JNuR6eleqJXrJIImw3HUYXJgHfSLVenbuNtsdfy%2BCi6%2Fxb9BZRaSYxeyaCXdG3MnUSlugl23nHaAf8n2wwYvB4fgNsz8n9dz%2F8oalvkfQan%2BgwmYRusYPpPJNIfFuW0B47KQKyRhfJFWVi5KIsMB2lfa3N13zdpwsuSg3uDiznDlQoKYeKME9ci72YuMJML1pXREBpfWzptfzQbuurnU34NZTwGK%2Be6i5sYHT6MBifUUwc7yqriqsNkAlOKwPahCEyYd9E%2BlamjpwCSSFM9JB7rFEUAWsEu%2FkzWogmlChEU%2F%2BU6qsL0s9wM1JuNN0SPzN2fZsBHv6hq4KoDr6us%2BRKRCOTdsWr9TI%3D&nvMid=83282553282&catId=50004654
81,82,[마장동 온우]1++ 투뿔 마장동 한우 육회,20900,46,43,6,1,온우,3000,육회용,기타,300~500g,,https://cr.shopping.naver.com/adcr.nhn?x=JcY5wIWgcocD4%2FYBbnKuqP%2F%2F%2Fw%3D%3DsDhDw6o8l0z4SL9MnNnCny1DFPrUvq8gyfZEL4Y7Lxws2T%2B2I7vM1lywjaE2447yKGmEZ3owAXXmfqG4rvHsdWdyGaSr%2B0dRu37W7MMIB4NEaKnS7qDzT33%2Bj2nEMp8lH12MfoByEVIL8ZK1KbamffUg8TaDtN6tgOxgWjMS7RrXR%2BWj6NVLAZzX8DAsIok2ky7WsjvL6fGBruqRzbSMBoQdLXoybizBOVFY0bnGAXBvL3JyK5LMqW0ZXJS%2FrzTN%2Fbanqo4zxBNcuEPtqTynLCCFOgT28sJCECrb49FuTCNjBz7%2BORHa%2BX777%2F5U82WuFRDpykpOqWZgZqWcBmVwRDdcEr1YsnmM%2BHl1WvXJLr7ErRXoRQMy7J%2F%2BFhnA312TKWQ5Jgg4we5RrHPCpWRq7uTA2bxHmNyqFUzwN3V4%2FGNRGV7Aa7oEf74VPGbfoKTe%2BKMRa3N9vit7VuG7pjAaBOmFu3AWXnFmX8u5ubEzxfPSWOmeZdgu2sysH02dLrM9pPGMmsgNj3aJADSPU2EB%2BmegopjOWiN%2Bc1bmLRMM1UWDmELFO07QEQYUyi%2Bk709RTdhi%2FT%2B8uH4reSaPIugKF%2B2ewXjlXFopGX6gICgQI%2FQyZ4VIC793549Yfi4OoTspUy1Vhq%2FH77x9Zlr1IFzyuow%3D%3D&nvMid=83097341335&catId=50004654
83,84,"[소근소근 한우] 육회 1등급이상 150g, 300g",10900,79,,36,1,맛있는 이야기 소근소근,3300,,,,,https://cr.shopping.naver.com/adcr.nhn?x=E9Ph4bYAEXIpIORtvv4b8v%2F%2F%2Fw%3D%3Ds7rbwsnY5gIjzCKnnKDtRdc6h3EhSNSV7GTc%2BBDGpDpQ2T%2B2I7vM1lywjaE2447yK9Jx6gQSb9h68hb9VqMp7ZdyGaSr%2B0dRu37W7MMIB4NEaKnS7qDzT33%2Bj2nEMp8lH12MfoByEVIL8ZK1KbamffUg8TaDtN6tgOxgWjMS7RrXR%2BWj6NVLAZzX8DAsIok2ky7WsjvL6fGBruqRzbSMBoQdLXoybizBOVFY0bnGAXBsvB2xHAX9nndvo3k%2F1zL49Hk0gRNGbT18881Re9DAAtiFOgT28sJCECrb49FuTCNjBz7%2BORHa%2BX777%2F5U82WuFRDpykpOqWZgZqWcBmVwRDWx66HJ8WmsUKxoRpy%2BrKVBos3G4KiXLTTg%2Bw%2F2Z05z4KIEPy9huh9JNuR6eleqJXrKjVbxvIzY32hhHBjF%2FQJJwqNz52xsMcVcfH5BWYOnHDYy%2FkY2tyhVDXzTBxwjnb3o9%2BRJj3xoWRCYtwgXEpoqrLiTqnEBcHAbG8eHbtbbKKAQAwPq0Ew%2BdFGT1krP1YrA0WyYVpZfC7%2BPCUzgoeWaDrgClekVxtSLNN1yS74gXm1GUyud05Hz9ktQa%2FIP9j%2BuLuaIojBFJVdS4NC4jZtmXH74cObaiWm5bi5TfaxWzzY6of2Xpggjm6A4Z8HgJhg%3D%3D&nvMid=83065647049&catId=50004654
90,91,한우 육회 1등급 200g 소스포함 이유식 우둔살 뭉티기 육사시미,11300,185,193,57,1,한우공방,3000,육회용,"우둔, 기타",200g,1등급,https://cr.shopping.naver.com/adcr.nhn?x=gxAM6zUCWF1LpFtBuhqaGP%2F%2F%2Fw%3D%3Dsw2jN8tvgo2ZNfXTlzJfReayh%2BncU5YrR2S%2BoCpF8jcE2T%2B2I7vM1lywjaE2447yK6pcCnzpLBGDypYRkqI4a%2BNyGaSr%2B0dRu37W7MMIB4NEaKnS7qDzT33%2Bj2nEMp8lH12MfoByEVIL8ZK1KbamffUg8TaDtN6tgOxgWjMS7RrXR%2BWj6NVLAZzX8DAsIok2ky7WsjvL6fGBruqRzbSMBoQdLXoybizBOVFY0bnGAXBs2vppST5PKSVxxgJFAI6ShgVGbdLcGZQHNea24al8yhCFOgT28sJCECrb49FuTCNjBz7%2BORHa%2BX777%2F5U82WuFRDpykpOqWZgZqWcBmVwRDTikDLUDCALaVJg2TgqW2cE21fLi3HoYAvFFoiY%2FA5uRKIEPy9huh9JNuR6eleqJXmdAm7ad3eNn7JT%2Bbia3CWS7cL4oGhdXvjOjRZlBE6rshWjDdxmF7rSPWJc74q2VSvGYkAsd8pQr%2Feog3GJlcGYBeSUXPk9BNcMcZsFI10W%2Ff2is2lhJQVXwzCQ7GaSbH%2BE6MOQ%2FjjK4hHCTBXkyr3Z1eYUlV5XuKbgsfBtaj8YvjWAffvRI6Yuxepgxu%2FmUj6vtUBvfoSsQPvEM6ZWUZTqDZ26Cyqd%2F4LaM03upSAHcreGOxl53zf8%2BpAnsDInfyZVmZAx07r3mrj7m98JuxsSFbDf4gHI5rSMJU1BWcIOg&nvMid=83198153231&catId=50004654
97,98,[양산시 배달] 극신선한 한우육회 200g [양산남부 양산고기백화점],16500,108,22,9,1,양산남부시장 장보기.,2000,,,,,https://cr.shopping.naver.com/adcr.nhn?x=5gvIpBlLPnJHHYDobp%2Bw5P%2F%2F%2Fw%3D%3DsS0rONINGKnYvM3YoP9VF5akJfXIb1FsDBcSFgTSSpaO%2BujfgJbNMB2WWL70VDrkecyRZeYsJbarBlX2K8QG7i0gAn8lD2%2BxrgblrBqYwPdUckd9Ca%2FSccvvQHwZvN6rSgscCEkwjLuAZ1p0PpoBSssgUIKB1YR5p0GrVdUNPDv1Sc31UGbO8uJDnNnZApXkoR2%2B01NoQdRT7PuNJ%2FyDge42ZI8ThWolmqfw9ykCu3a1KqTRFClBcQPdKNXJCxJbnH%2BoD3rA0diwxDDAqwnX%2Bz4JFc0Uf%2BSGT%2BYme1K%2F%2BeSkQhkkHXK4%2FmSRy5icYE%2F27BW36r4QZshREfg%2B3vq7RNrabE1WhatS0tNBuKsv6UEVacWaCOP8PfLB6D8Xk%2FKN7mXDmIOOB6kamF9uF35YumK5fIHMkXwAngg03JvyKydpwdVLVnC%2BfcxrVLg1FmPgR8etQ7tEGlLUel9SNj8Iz0ZaHydx7pM4V3H6XDraRbloYqtyD%2FuIqTb7K2HfdT90uocjAYCSb07vlwtnXMQOlwls5lLyqmyw3wZrWQ1bfFJ8oBADA%2BrQTD50UZPWSs%2FVisiGBpIgghGLy3yWqJdu%2F4IOuAKV6RXG1Is03XJLviBedeptQ97CGyKziCMfXNLOimugbRUn906XN%2FaCB0SrOuSPUiYEHjSl9%2BrvAaeiRsQLNjqh%2FZemCCOboDhnweAmG&nvMid=82753184394&catId=50004654
99,100,한우 치마살 400g 특수부위 사시미 구이용 육회전문 원데이축산,39000,56,13,21,1,원데이축산,0,"구이용, 육회용",기타,400g,,https://cr.shopping.naver.com/adcr.nhn?x=%2B%2B%2BmjDFfDcyTvjSEXZgp4v%2F%2F%2Fw%3D%3DsPqtZyGy36adg8znX%2BH1NSC4JcHl38Hcx0GjfERPlvSq%2BujfgJbNMB2WWL70VDrkeygSFeBBJgS%2Fq9GJHKzHW3UgAn8lD2%2BxrgblrBqYwPdUckd9Ca%2FSccvvQHwZvN6rSgscCEkwjLuAZ1p0PpoBSssgUIKB1YR5p0GrVdUNPDv1Sc31UGbO8uJDnNnZApXkorFRN%2BLM1yJAr78kyjmQeuVavFoQZioHQNBzgV6NBWA5kTteIjmhSaJ35ikqcvN3YbjW2FuHSEXADiUerAFSst6uKWQN4b7WstTXVRp4V%2Fd2Kx7G3krbJiQXzryuwwOqJ4IdQcn9Bg9CDSPNraKlJZiJ5h7ErV2%2Bb%2F08L8J5NlEnHvY%2FUzN94OzIr5wG3PfiALDyX%2BOOWOv4Rc7PUy3NUwrOm1eGWSo%2BW00XVKqyodD5NV9odVZNvfvwMWq6Rn3Nyqc2GnKTRyfcCdDEgX1H%2BbBOHttT56GjrAxRshPgnD5yijqP2%2BqvsjMZpIDVn4jh8fq80OlPbmfYnWMeOZSdxxY5tde0KGpmbwP3IChO6rTW7g%2Bozzf2wsANg%2BgvWwhnFK4Q9c5Yu%2B84bofoTDV7bekyBExyzcrNqNI4JsakVCagUpY5xotWfskEY3PF2rVT6m4yKERTwhqtwEemJpE6VzlS6Wx4obtctwDwCxtPcm1mCqA6%2BrrPkSkQjk3bFq%2FUy&nvMid=82126213919&catId=50004654
104,105,[양산시 배달] 극신선한 한우육회 200g [양산남부 양산고기백화점],16500,108,22,0,1,동네시장 장보기,2000,,,,,https://cr.shopping.naver.com/adcr.nhn?x=tMvLlFiGrWbCHHISwmV%2F%2BP%2F%2F%2Fw%3D%3DsaGeO8WmBGaxcpNcSjXtDCXYoc5qNoPxF51bvLEF%2F21e%2BujfgJbNMB2WWL70VDrkeycRRePH7xpV8dyX13aDt4kgAn8lD2%2BxrgblrBqYwPdUckd9Ca%2FSccvvQHwZvN6rSgscCEkwjLuAZ1p0PpoBSssgUIKB1YR5p0GrVdUNPDv1Sc31UGbO8uJDnNnZApXkorFRN%2BLM1yJAr78kyjmQeuVavFoQZioHQNBzgV6NBWA4XKaRjwRDPbxAA5BPYVSlDmDbTuJjKIdalODDGVIngAauKWQN4b7WstTXVRp4V%2Fd2Kx7G3krbJiQXzryuwwOqJYOJz1OgGCiyFisPmv7Wx9JIbgVuhl5hbt6zGD68bbEjHvY%2FUzN94OzIr5wG3PfiAadArTxNXjui0DvjPT9nuKQOtDCbvnjPUk%2BYbpVDdgKIOOSkTNBxrUoKN6lZ0kTMzlx%2FqW2gfnu%2Fxp9IOZigw0OCmntDk06cbdyuWo7VqTIbgUTpMyz366XW5PymAa9JAd7Gu8B7VJbIcluEaoHanIbFvbd14V5eTthe2DM%2FobkR1eYUlV5XuKbgsfBtaj8Yv4sUcuzfZ%2BIFpCwppBsryG6vtUBvfoSsQPvEM6ZWUZTqF22x4RiOMj1OH8wGkPXgtCo1GLD8LN0UrtUOXfVjd6CJkBDhZFVEbJjta8DzhCO7LVWGr8fvvH1mWvUgXPK6j&nvMid=82753184395&catId=50004654
107,108,한우 암소 육회 육사시미 육전용 생고기 300g 우둔살 홍두깨살,19500,253,27,3,1,조한우싱싱몰,3500,,,,,https://cr.shopping.naver.com/adcr.nhn?x=AcumRqQjD%2BdUzMf8hgwQH%2F%2F%2F%2Fw%3D%3Ds0oPy9FJVTh3B4%2FSzYnGwB7nAugEPLvh8Vmu0M%2BqOt9U2T%2B2I7vM1lywjaE2447yKU2W3W26q78NhjL%2F799pZ79yGaSr%2B0dRu37W7MMIB4NEaKnS7qDzT33%2Bj2nEMp8lH12MfoByEVIL8ZK1KbamffUg8TaDtN6tgOxgWjMS7RrXR%2BWj6NVLAZzX8DAsIok2ky7WsjvL6fGBruqRzbSMBoQdLXoybizBOVFY0bnGAXBs7rMQqknvyT8jJUh%2F8yZXclJJnv%2FggO0MOdhapCVoa3iFOgT28sJCECrb49FuTCNjBz7%2BORHa%2BX777%2F5U82WuFRDpykpOqWZgZqWcBmVwRDaRjv4993U2bAyB196NVVa%2FKFJVZr3HjXC535ypbhITkVxYF%2BidgRzpKePdoQo6M3Fj%2FR5GuHsLg%2Fc0uIecKR8%2FWVwGlh1vSLVzNx3mInn93e6yPKGOKBSTvVlSo%2B2aU5oKtzPXnQUPh7JrFEJn0%2BrqX1B4zR%2BprXgz%2FZ66qkz0S6eB4QqllEUyrT5mD%2FRKaNzloYophx8YE0IIAeronUAHFMK7pwdswB2ZjxK%2BftOlTa9iZXk8Att2inuBTU2emUpAJTisD2oQhMmHfRPpWpo6LGs7LI4Fb%2Bj8%2FyjeP3A%2FNShcxdlBjKfNvKIQXKlLoP7IKy7tUvL6wa5Nuz2FrtIMOEsHC78VBLnFZh%2FnDobeN&nvMid=81279941181&catId=50004654
109,110,김포1번가 투뿔한우 1++ 치마살 200g 명품한우 육회 육사시미 소고기 구이용 특수부위,44000,76,14,9,1,김포1번가 축산물도매시장,5000,"구이용, 육회용, 국거리용",양지,200g,,https://cr.shopping.naver.com/adcr.nhn?x=o3wZ5nVJ1Pxcawx0gxnY6f%2F%2F%2Fw%3D%3DsWpg5kKND%2Byj6287NM1%2B1W1jJ3nUdVjiYui9Q%2FwZmkqq%2BujfgJbNMB2WWL70VDrkeW04Ey1%2FfS8mmKB%2BQVsQj50gAn8lD2%2BxrgblrBqYwPdUckd9Ca%2FSccvvQHwZvN6rSgscCEkwjLuAZ1p0PpoBSssgUIKB1YR5p0GrVdUNPDv1Sc31UGbO8uJDnNnZApXkorFRN%2BLM1yJAr78kyjmQeuVavFoQZioHQNBzgV6NBWA4Z3fhzvLVIN%2FAKG0nw3CoO2C1SZJLU0v7Hnn3lLFFw96uKWQN4b7WstTXVRp4V%2Fd2Kx7G3krbJiQXzryuwwOqJtksBgS7%2FU0U6fvBqJdnRJz4%2F7aB2UO9Yx%2Bs%2B%2BrEBKXnHvY%2FUzN94OzIr5wG3PfiATXEECH5ThXA7pFle31TUqyOS5XSY1%2FkU2QBUPDZC97PO4PzNw8ajZfD6mS4sJh9QGYKikeL1ZXBvuTQzledSj3hCYO81ITzYeePX33UYeyFrhrEdT%2BTFrll%2B2x1crA5O71GCC3ny9t%2Bgs3fX1iilPhtC%2BTMqrc%2Bu22RraNoqpv%2FusquKFTIruM6u7paypT%2F8l3zWfO6ep1WyOtfHaZCrrTx%2BoZpY%2BJCiT685g9GOlZGeWu8MwP0iJ7Y11ZM9rQbBBhq6fmW9HQMVInkzviw7KwwumnvH8eIPke3xZPgdbkm0CCDWLtAEaONtoSLDRI3vnLywBF6TPdyrHi5pSyQkVg1QmAmnoJRdq4K9btjkCM0%3D&nvMid=82159544323&catId=50004654
110,111,당일도축 한우 육회 뭉티기 육사시미 생고기 우둔살 양념장 무료제공 150g 300g,12800,70,32,10,1,육팡미트,4000,육회용,우둔,,,https://cr.shopping.naver.com/adcr.nhn?x=fuQJpowTiShU2s%2BWBsQp4v%2F%2F%2Fw%3D%3DsCYB%2Fbs%2FjBB7M5plrD0QovbR%2FyVF5IVA9nwoLNsW4d96%2BujfgJbNMB2WWL70VDrkeqprvjfVmBr%2Bj3ZAsDvVpQkgAn8lD2%2BxrgblrBqYwPdUckd9Ca%2FSccvvQHwZvN6rSgscCEkwjLuAZ1p0PpoBSssgUIKB1YR5p0GrVdUNPDv1Sc31UGbO8uJDnNnZApXkorFRN%2BLM1yJAr78kyjmQeuVavFoQZioHQNBzgV6NBWA6geK2ev6VfEa7nedhzKZD9e03Z75Uxwn%2BE1fSUu8pe%2BKuKWQN4b7WstTXVRp4V%2Fd2Kx7G3krbJiQXzryuwwOqJhu8L%2FaPc5CuLtoM9aRRFaDcsSwo3VEWaCazTIjRy%2F0BdrU9gBvTOY8XVxGgpGxxduDOrFkMycOOgJnqK7Ehd0vuj8KLH7PRl0LPXSmm83ElQ7hlhb3iYi773FU73S3wiHGD72EpTTeF2PG3ocT5b5EeTmdAm6K8lfwtZxmVMXG84qiboU0OvXycy5RD%2F%2Bd%2FJgEtF8ReSlYRDpxa79BeINg%2BLRgj%2BlcLGm6ITP808mEAAs3hwKYLpeEOsVo52himZPGMmsgNj3aJADSPU2EB%2BmfYR9V1RVWnQjC%2BfrUFNOGjmELFO07QEQYUyi%2Bk709RT22ASa%2F5xTp9x%2B8llwef4Qy74Q82Jo6qCEBYkN63vhE2mJR0SqnZNTeGuRZiJD1PSy1Vhq%2FH77x9Zlr1IFzyuow%3D%3D&nvMid=82989309871&catId=50004654
111,112,1+＋한우 육회 육사시미 300g 생고기 비법소스 무료,19900,50,37,12,1,양주골한우,3500,육회용,기타,300g,,https://cr.shopping.naver.com/adcr.nhn?x=FNAsNefsiXjAgorxe7HXHP%2F%2F%2Fw%3D%3Ds%2FH8A7YpHsohDk8CdoHEopuVrFbgYlVcSDdGRDr4aEsyk5X2JRgAMpXMWke7HgHVjSPyXlmhiPq1SijmI%2FEvRaci30QtKP1mA7BYZPpxeJLceHZ5T6o%2FKOxB%2BF2EdwDbSz7Xa9VZxhQ%2Baxg1Dtdr0y%2Fn7SqmUlGulKwYnTgMlJnlg%2BkG1ToYiYrjB2KxdhUqThNAWEw0JCsb7LJXBJqKWV9015zgK%2BP5r4ZCysDfiDpX7PS4PdwxaPFOyAPW6u26DqLR41Rk6oCD5RDUcdnq64asJF1TG8DXvuOXRWh2aiSE1QmeK3ZPITzKHcbEnR%2BI8scUmTyv6cyMcIYcdWOjpobCarwCd%2FeIkO%2Ft46pToyEVXfqiCwBtPYYwEdSt6i2JA3nooS71HTEV6Pe%2B0e2LjcEhAfYZ8pC5LNtjvmg0QacIQAk9rvEg9tEPSQ8EV3PK7Ucl%2FIm5WHHtIvtHwjnOfLQYzKmy7d4UU3vnAeVLZ0rZzH46O7D4Z120EKpl2Ouy2%2FJwIZTdZNNBZG9oZbrzHz2BppZOneWExvPR4PfeTgK9rnvk0ukm3uuKB%2FE1YcMNa8HanEda4SuW49BT0D6UK0b7QNT%2Bhm1bTh%2Ba8DU4AiibNvWPy7Zbu57ADgPbeQsrHPm2V2WLj0oLfvtXSAq9jPg1QmAmnoJRdq4K9btjkCM0%3D&nvMid=82517298686&catId=50004654
117,118,1등급 한우 소고기회 육회 육사시미 200g 당일도축 소고기 대구뭉티기,13900,31,65,37,1,모두의 레시피,3500,육회용,,200g,,https://cr.shopping.naver.com/adcr.nhn?x=f28W%2F7Db%2BvcKhuOEkRIKbv%2F%2F%2Fw%3D%3DsYBFg6Tl09fwMHfZ%2FFkgas2Gnl4GZyHbPqrX9jeuG9CQ2T%2B2I7vM1lywjaE2447yKkQaQrRAP%2B41nhUTwNvrqPdyGaSr%2B0dRu37W7MMIB4NEaKnS7qDzT33%2Bj2nEMp8lH12MfoByEVIL8ZK1KbamffUg8TaDtN6tgOxgWjMS7RrXR%2BWj6NVLAZzX8DAsIok2ky7WsjvL6fGBruqRzbSMBoQdLXoybizBOVFY0bnGAXBuMjTxoVrWICIkU%2Fpm2rmhMxWn%2FlSlupTsL8JUzRVKQVyFOgT28sJCECrb49FuTCNjBz7%2BORHa%2BX777%2F5U82WuFRDpykpOqWZgZqWcBmVwRDW4rDXqgrDE0ruJTt6LFMbIV7cMXBB6WYESslzQ44VOSKIEPy9huh9JNuR6eleqJXsK38kRb49k%2FZc8IjQJMrPewDW8ndDTG8UrKFCABMS5Cv9Hlhd7mF0K8j1wk%2Fdhn9YRQIFALsxpVoTbjvaKO4gWNd6vAxOYnA60pSyDZsYwlNoybr9HWl39hI%2B8wPNnxM4X6LmpqT0xIcsl%2Bsg%2FRfEas6vq4CQV2sP%2BfvAgYPbzkgmWzaa%2Fo7kX8cFjv1a0529%2FtkPoedAd%2F0Gqc04NvQBSTwcf7oNZ3oQfVfcXihVHnX0uhqXaXBloFmNbeUFRWP%2BZr3IlN96H2mtni09DjP6HXVKRe8%2FEIUv07%2BhtwRORUDVCYCaeglF2rgr1u2OQIzQ%3D%3D&nvMid=84056060912&catId=50004654
119,120,한우 육회 고기 소고기 우둔살 당일손질 육회용소고기 택배 배달 배송 200g,28000,52,41,17,1,물천한우,4000,육회용,우둔,200g,,https://cr.shopping.naver.com/adcr.nhn?x=gwjUMKMDx8b7vA6yqry%2FTf%2F%2F%2Fw%3D%3DsGN%2FLBqQMara4b6yDivmNFcUPH1gNHE6jvVzMa2De1PG%2BujfgJbNMB2WWL70VDrkeydAP2UCcR0yFwVN0VlENTEgAn8lD2%2BxrgblrBqYwPdUckd9Ca%2FSccvvQHwZvN6rSgscCEkwjLuAZ1p0PpoBSssgUIKB1YR5p0GrVdUNPDv1Sc31UGbO8uJDnNnZApXkorFRN%2BLM1yJAr78kyjmQeuVavFoQZioHQNBzgV6NBWA6BLc%2F5yAtRZiYpJc5HNvc6KP3qpYNVhk9qDSj%2FnFVqOauKWQN4b7WstTXVRp4V%2Fd2Kx7G3krbJiQXzryuwwOqJh86Gxae%2B7HIGpqBHu8Nh2HyEscgIOozUKnIHqlErzjZdrU9gBvTOY8XVxGgpGxxd1oYqHtHRd3mqx5g%2FN35fzwDSQAFZ9VHW17Z%2FotaypzCCTTRRu%2BsfW1h1oktZArVwv14%2FLcHihZYYKKsGb7VPoMdTEdP1P%2ByabIbQKkcP2h%2FXYKUl%2Bi8H9IihEJOnzS2DUGEl2NO32LDhKkKQo6xKLIFLdJDy7Ln72dqDt1IhPJrO48TNairxqg3498%2BduDabWuwUQQXT2FU3rHXHBOxV0dQCx8fK2x6fKMnoHK2xHO6sGvSZZnJA2yQCVBBr3HxBBJFCPJhUw0wxCmQmbaNOVo5cf8rqvSAgdGxaziKg6XLl4QrYjETt5qRS0g8Kzhm0gqgOvq6z5EpEI5N2xav1Mg%3D%3D&nvMid=82951468142&catId=50004654
121,122,집에서 먹는한우 육사시미 보리소 육회 양념장,37000,32,17,25,1,빛나는 마켓,4000,육회용,우둔,600g,,https://cr.shopping.naver.com/adcr.nhn?x=GRAx5%2FnKVOCVKK1r4nfxwv%2F%2F%2Fw%3D%3DsjLPdEP71iZmZp1wv9imS98RvDzHfGhtgIVv87oiyZGC%2BujfgJbNMB2WWL70VDrkeS30bbGAw3xJgquGbSzddpUgAn8lD2%2BxrgblrBqYwPdUckd9Ca%2FSccvvQHwZvN6rSgscCEkwjLuAZ1p0PpoBSssgUIKB1YR5p0GrVdUNPDv1Sc31UGbO8uJDnNnZApXkorFRN%2BLM1yJAr78kyjmQeuVavFoQZioHQNBzgV6NBWA4m56ie5x4Mg7ASqlb1NX9TdDIyi67vU7tnco0gvQmqV6uKWQN4b7WstTXVRp4V%2Fd2Kx7G3krbJiQXzryuwwOqJXi6HlPcozVN%2FnArxiIubvvMnu679jNutcz38pzmThfVdrU9gBvTOY8XVxGgpGxxdm4hqY0jUzKbM9M2Bq0qpeLuS5rpi20pE9asytkp4TwPlU18ILglhVQKb1JqkKRteAmuTVp%2FPq32%2FY8AfuzDC7eslpzIdWdy%2BcZOd2aScVCWhikM7a%2BsnSHaEa%2BkWHvx53%2FYBWZ72J5StBeccoKrUXTnUQudWmMqvbKj9CB8Nuge87i3LOAa7zEKU2gLBjALazHrF0EzDcvgiggGnOHbL2daa3S039JjxuzblJdqIr%2F4OwUrhBT%2FnojRTeEqe1gSw86euOFlqYxGW3xtmz76xsQ1QmAmnoJRdq4K9btjkCM0%3D&nvMid=82444286081&catId=50004654
140,141,[파머스미트] 무료배송 한우 육회 200g 1등급이상+소스제공,16900,69,,16,1,파머스미트,0,육회용,"우둔, 설도, 기타",200g,,https://cr.shopping.naver.com/adcr.nhn?x=XgsZM4FxLAVC5gyLCMmSx%2F%2F%2F%2Fw%3D%3Ds2zuwC0fzrcg50Cl%2FzhhSUgMxr4TD201D16SXcUwI9IO%2BujfgJbNMB2WWL70VDrkemhFdOZiuG3dKXtj5fWQvZ0gAn8lD2%2BxrgblrBqYwPdUckd9Ca%2FSccvvQHwZvN6rSgscCEkwjLuAZ1p0PpoBSssgUIKB1YR5p0GrVdUNPDv1Sc31UGbO8uJDnNnZApXkorFRN%2BLM1yJAr78kyjmQeuVavFoQZioHQNBzgV6NBWA6LK7f55GkxSgHrTWFHQVEyqo2t7GYLZjMT2N1es%2BODg6uKWQN4b7WstTXVRp4V%2Fd2Kx7G3krbJiQXzryuwwOqJINYEYnx0oMOCj%2F6JKOyOyZSGxBO6vQ2%2FFSNgcqqoUsJdrU9gBvTOY8XVxGgpGxxdxENklm4FG7gLKPtztFvPOcJM81cnOVSyIXWX0s6dCSlGL0CCwKLxmJqiOQm0JbWcoYVDjpNr5Mg806%2BieWAEj2BGakLWMYSiftHaU737toCjCv5KWh0qORXOT4lfS1gnnJlbeVu85rMfS5IFOFvYIKPhs1xwDS1BuDDP0%2FMXlpPpM3NHr81G%2FSN3Kd7y7jUygzUb0tf1WAqr5EvujEvKWquoYom%2FaC9gtw98pokzv53591ET7U3kZ1AdMyxpGt0W6M4FKAkPWZEj9lkI4WBUoAN%2BQsjK6V0FLd%2Fybx7qcubNSE3OzZUT76KyqzckASmm&nvMid=83166038615&catId=50004654
144,145,[대구 명물] 한우 우둔살 육회 소스 포함 300g 150g,25900,50,27,60,1,와룡시장 황현두,3500,육회용,우둔,300g,,https://cr.shopping.naver.com/adcr.nhn?x=%2B5bYPDcoT2XH0ei9Vkwvtf%2F%2F%2Fw%3D%3DsBCfvOaM9ju56queum7uK%2FDfr9w3tmZS8Z6WMinQYznU2T%2B2I7vM1lywjaE2447yKiu07KqnsrnM%2Bz0W1YXGT4tyGaSr%2B0dRu37W7MMIB4NEaKnS7qDzT33%2Bj2nEMp8lH12MfoByEVIL8ZK1KbamffUg8TaDtN6tgOxgWjMS7RrXR%2BWj6NVLAZzX8DAsIok2kjvdxTOdl%2BW8h3PetdP%2FDt7rkDLpImMNOj7Pjv27q9835FHjBKJdI1n%2F24rTMXwoY7lALcoafE4sUwWAMXIg9Nt4an%2FzTqhVRN5HiEzJvDPKk6v2w9jBqMGR4TTsgYaQnlII%2ByYYqWVu3SSXxcjEJdCk%2B8lv3e%2Fk3Tt0lbgymcH18JNCEOxVk3GDY2WIwOLanAbWnbEXzrP9nTOtX6d%2FrCHg7Y4PygS01y3cY1ILL49enxgbDD2XfIgcXRF0QcUNbnzCewZMuAh%2FQSQFEMjSHTR%2BGzZAJwiXUUunMq%2FZWgTEDYa078MKvJit5PoRMtNgESsltQnbVjHifIdlxqDA3lDS9TECIQE%2BCDencQFHX1xTpsEGh0Yb%2B2JLdPR14WCQDD%2B1GzYyCQAVsDO6ulMSblk3XF0ade0IE6VXv9yDrdD8c2qe6RWpgUQbuuX6%2FTqtaAmarDrg0wTs6rgDBkrJ0VYVsN%2FiAcjmtIwlTUFZwg6A%3D&nvMid=82896064331&catId=50004654
171,172,[대구 명물] 한우 우둔살 육회 소스 포함 300g 150g,25900,50,27,4,1,맛꾼푸드,3500,육회용,우둔,300g,,https://cr.shopping.naver.com/adcr.nhn?x=%2BP%2FmThkhmG5caxLhL9LTuf%2F%2F%2Fw%3D%3DsUBOa%2Fn3VJ1u5oiSUHvzMdNlAreDYXLCY%2BpdEliyHEeY2T%2B2I7vM1lywjaE2447yKFig7dRFMOW1KWZHxoZNOpNyGaSr%2B0dRu37W7MMIB4NEaKnS7qDzT33%2Bj2nEMp8lH02yCecqVccBXbzxu1CUqHMJSRAr2DtL1Uwv%2B7C0z%2FAwhjEQwZUW2OeOXaLDDYnnPy7WsjvL6fGBruqRzbSMBoQdLXoybizBOVFY0bnGAXBsIG0K3a2vFoixRjiyyj%2Bj1QvDbVGdznhlTPEFkkwG7LSFOgT28sJCECrb49FuTCNjBz7%2BORHa%2BX777%2F5U82WuFRDpykpOqWZgZqWcBmVwRDTDW9RRqYC45hHVJalZ8AUOfhpxZQwBk3NLABz0%2FaynymXDmIOOB6kamF9uF35YumLjvL1UpRB%2FSx6H2cc8GHMeq36RxWnlTEKtJfO%2FXb5zXChBa4JqH%2FAGliOyzxXdRezHTlKP3DzHmFc7NIaDrqu%2FaOat%2FNGLBuKvhU0HJYWxuMCdZVftaauqtbDWHXakm%2BO8bZ8nBdlO8szz8s%2F0pMINYT3mD2Q%2BeZbWrKjOJvX8j25jL%2F86Zbimp%2BXv1jJxLaMbBpefY4AwEAJuxlzlo101rOQ0UpYwyOoLhKFboCyGP3EvhUEOquY%2BRjDZ%2BpKk56B0cjwVm1BUYVknE7IEMpz4%3D&nvMid=82888034590&catId=50004654
